value,lemma,band
48951.33,the,1000
29621.79,be,1000
25683.44,of,1000
23546.3,and,1000
23346.43,to,1000
17681.24,a,1000
15764.7,in,1000
9519.04,that,1000
8810.37,for,1000
8273.81,have,1000
6489.3,it,1000
6116.13,on,1000
6046.45,i,1000
5538.63,with,1000
5278.38,not,1000
5257.18,as,1000
5203.2,you,1000
5085.03,this,1000
4660.08,by,1000
4447.49,or,1000
3858.15,at,1000
3835.19,do,1000
3602.57,from,1000
3137.93,we,1000
3087.14,an,1000
2952.51,will,1000
2792.55,they,1000
2789.07,but,1000
2408.52,all,1000
2406.24,he,1000
2278.69,your,1000
2262.42,if,1000
2259.64,can,1000
2223.79,their,1000
2194.04,one,1000
2154.74,more,1000
2038.81,which,1000
2016.77,use,1000
1934.03,about,1000
1904.21,other,1000
1864.81,make,1000
1862.58,his,1000
1826.61,what,1000
1818.17,there,1000
1772.09,would,1000
1706.41,who,1000
1664.48,my,1000
1648.28,say,1000
1629.29,so,1000
1609.67,when,1000
1606.78,time,1000
1551.58,new,1000
1441.86,our,1000
1440.43,get,1000
1426.81,some,1000
1408.42,work,1000
1379,may,1000
1376.56,out,1000
1375.45,year,1000
1359.99,also,1000
1359.07,people,1000
1345.53,good,1000
1342.76,no,1000
1333.13,go,1000
1306.79,up,1000
1281.99,these,1000
1253.31,than,1000
1252.76,take,1000
1210.03,any,1000
1206.58,see,1000
1191.35,its,1000
1189.61,how,1000
1149.74,them,1000
1119.28,only,1000
1115.45,like,1000
1100.58,into,1000
1054.96,know,1000
1029.2,need,1000
1011.64,should,1000
999.72,just,1000
981.78,most,1000
981.14,first,1000
966.22,such,1000
966.18,her,1000
964.21,me,1000
962.5,find,1000
927.04,many,1000
909.35,give,1000
907.72,way,1000
899.02,information,1000
892.33,she,1000
890.67,well,1000
879.81,think,1000
876.58,include,1000
874.55,now,1000
870.67,two,1000
866.34,over,1000
865.78,could,1000
861.76,then,1000
848.7,because,1000
846.55,us,1000
833.67,very,1000
833.05,come,1000
813.88,after,1000
786,day,1000
777.83,those,1000
769.59,even,1000
762.32,right,1000
753.64,state,1000
741.02,system,1000
738.2,where,1000
734.66,want,1000
723.23,book,1000
719.09,through,1000
715.23,world,1000
712.87,look,1000
699.78,$,1000
688.27,service,1000
682.57,post,1000
680.6,much,1000
674.91,change,1000
666.44,back,1000
662.4,student,1000
660.95,help,1000
657.24,programme,1000
653.87,life,1000
651.71,call,1000
651.45,school,1000
647.65,being,1000
643.96,each,1000
637.38,child,1000
634.62,here,1000
633.21,thing,1000
628.67,must,1000
626.38,part,1000
622.45,great,1000
610.25,group,1000
608.86,high,1000
608.48,number,1000
601.1,before,1000
599.21,show,1000
598.9,between,1000
590.97,report,1000
579.71,own,1000
567.46,him,1000
563.29,while,1000
562.97,place,1000
557.62,support,1000
557.01,issue,1000
556.02,long,1000
550.99,become,1000
548.33,follow,1000
545.19,case,1000
543.19,company,1000
538.13,same,1000
537.78,both,1000
536.98,problem,1000
536.46,government,1000
530.87,question,1000
529.01,member,1000
527.53,point,1000
522.99,area,1000
522.72,site,1000
522.44,business,1000
521.15,under,1000
520.74,public,1000
519.96,man,1000
504.5,country,1000
496.64,page,1000
493,read,1000
490.91,home,1000
489.97,provide,1000
488.76,result,1000
487.21,still,1000
483.29,last,1000
481.32,start,1000
473.26,study,1000
470.89,mean,1000
465.76,tell,1000
465.24,order,1000
464.84,try,1000
464.01,another,1000
463.88,research,1000
456.96,however,1000
456.65,during,1000
454.44,ask,1000
453.69,set,1000
448.55,end,1000
446.02,down,1000
444.12,law,1000
443.83,health,1000
441.11,without,1000
438.16,form,1000
438.01,write,1000
434.85,level,1000
433.76,family,1000
433.43,example,1000
431.87,course,1000
431.54,national,1000
431.51,too,1000
429.76,learn,1000
429.53,leave,1000
427.43,every,1000
426.75,development,1000
426.03,three,1000
423.5,large,1000
422.93,why,1000
422.9,name,1000
421.27,process,1000
420.57,require,1000
420.22,different,1000
419.07,university,1000
418.4,keep,1000
417.16,plan,1000
416.62,policy,1000
415.1,since,1000
411.7,project,1000
409.03,feel,1000
408.68,design,1000
407.77,view,1000
406.59,create,1000
405.41,american,1000
403.95,really,1000
403.94,woman,1000
396.63,small,1000
394.24,product,1000
391.82,might,1000
390.82,experience,1000
389.65,comment,1000
387.34,important,1000
386.71,base,1000
386.58,little,1000
385.51,put,1000
385.17,around,1000
384.64,available,1000
382.35,cost,1000
380.67,few,1000
379.65,pay,1000
378.84,off,1000
378.7,free,1000
377.55,old,1000
377.31,develop,1000
376.52,community,1000
376.14,control,1000
375.84,live,1000
373.43,within,1000
373.24,human,1000
373.08,word,1000
372.87,against,1000
371.84,power,1000
370.62,play,1000
369.96,increase,1000
369.94,person,1000
367.24,fact,1000
365.85,never,1000
364.9,war,1000
364.86,job,1000
364.6,run,1000
360.16,offer,1000
360.1,seem,1000
359.43,top,1000
358.21,allow,1000
356.68,list,1000
354.5,move,1000
353.6,interest,1000
353.49,act,1000
353.11,next,1000
351.33,house,1000
350.37,general,1000
349.57,term,1000
348.14,something,1000
347.68,week,1000
345.81,care,1000
344.38,begin,1000
343.57,revue,1000
339.67,note,1000
337.12,story,1000
335.3,market,1000
334.95,article,1000
333.94,education,1000
333.62,believe,1000
332.02,activity,1000
331.86,line,1000
331.44,datum,1000
331.3,web,1000
330.42,often,1000
329.99,hold,1000
329.54,present,1000
328.89,pm,1000
328.59,technology,1000
328.37,second,1000
326.75,value,1000
326.06,international,1000
325.01,united,1000
324.84,open,1000
324.44,idea,1000
324.24,less,1000
323.97,receive,1000
323.31,month,1000
321.58,type,1000
321.19,social,1000
320.64,bring,1000
320.41,turn,1000
319.23,local,1000
318.76,rate,1000
317.68,water,1000
317.31,center,1000
316.86,individual,1000
316.69,talk,1000
315.75,add,1000
315.58,again,1000
315.39,lead,1000
313.73,today,1000
312.11,cause,1000
311.84,office,1000
311.63,city,1000
311.15,link,1000
310.77,let,1000
309.15,action,1000
309.06,security,1000
308.98,lot,1000
307.54,continue,1000
306.42,organization,1000
304.31,force,1000
304.2,always,1000
304.14,return,1000
303.54,love,1000
301.63,party,1000
301.5,big,1000
300.75,meet,1000
296.68,hand,1000
296,price,1000
294.86,effect,1000
294.84,money,1000
294.13,management,1000
292.17,full,1000
292.14,president,1000
291.9,early,1000
290.77,event,1000
290.58,march,1000
287.46,possible,1000
287.2,class,1000
286.81,send,1000
286.49,provided,1000
285.43,hour,1000
284.61,game,1000
284.05,reason,1000
283.61,whether,1000
282.84,low,1000
282.8,consider,1000
278.96,test,1000
277.48,states,1000
276.73,please,1000
276.7,real,1000
276.61,history,1000
276.13,source,1000
275.99,section,1000
275.86,material,1000
274.29,able,1000
272.97,once,1000
272.19,application,1000
271.71,body,1000
271.11,several,1000
270.17,least,1000
269.86,food,1000
269.17,understand,1000
268.78,million,1000
268.77,rule,1000
268.44,news,1000
267.82,access,1000
266.5,subject,1000
266.08,department,1000
264.9,until,1000
264.5,future,1000
263.7,practice,1000
263.41,matter,1000
263.37,concern,1000
263.27,benefit,1000
263.17,standard,1000
262.69,god,1000
262.64,customer,1000
262.49,build,1000
261.72,team,1000
261.39,resource,1000
261.07,computer,1000
261.03,involve,1000
260.51,age,1000
258.87,though,1000
258.21,happen,1000
258.14,per,1000
257.06,share,1000
256.04,address,1000
254.87,cover,1000
254.77,file,1000
254.26,close,1000
254.21,friend,1000
253.99,science,1000
253.71,rather,1000
253.63,far,1000
252.77,contact,1000
252.17,court,1000
251.42,committee,1000
251.32,language,1000
251.02,shall,1000
250.68,yet,1000
250.24,condition,1000
249.24,amongst,1000
249.02,buy,1000
247.61,industry,1000
247.46,current,1000
247,user,1000
246.99,major,1000
246.74,society,1000
245.96,record,1000
245.82,kind,1000
245.71,tax,1000
245.66,complete,1000
245.64,teacher,1000
244.83,model,1000
244.16,away,1000
243.88,date,1000
243.46,decision,1000
242.71,enough,1000
241.93,energy,1000
241.83,head,1000
241.47,side,1000
241,paper,1000
240.77,training,1000
239.41,political,1000
239.31,sure,1000
239.08,apply,1000
238.63,grow,1000
238.44,board,1000
238.29,bad,1000
237.49,answer,1000
236.59,face,1000
236.55,search,1000
236.53,late,1000
236.3,already,1000
235.02,risk,1000
234.86,software,1000
234.82,young,1000
234.62,online,1000
234.28,john,1000
232.97,deal,1000
232.57,special,1000
231.32,although,1000
231.02,claim,1000
230.7,position,1000
230.67,produce,1000
230.53,period,1000
230.07,further,1000
229.26,lose,1000
229.13,personal,1000
227.86,appear,1000
227.55,four,1000
227.04,opportunity,1000
226.94,hard,1000
226.22,patient,1000
226.05,approach,1000
226,hear,1000
225.71,either,1000
225.48,field,1000
225.24,economic,1000
222.7,sale,1000
222.64,together,1000
220.8,quality,1000
220.54,easy,1000
220.41,york,1000
220.24,focus,1000
220.24,percent,1000
220.13,music,1000
219.6,method,1000
219.22,ever,1000
218.07,ca,1000
217.61,past,1000
216.64,mind,1000
216.4,fall,1000
215.73,expect,1000
215.62,parent,1000
215.08,effort,1000
214.7,light,1000
214.46,upon,1000
213.82,document,1000
213.32,room,1000
213.26,press,1000
212.22,art,1000
211.7,above,1000
211.68,account,1000
211.66,white,1000
211.24,feature,1000
210.62,remain,1000
210.52,hope,1000
210.42,internet,1000
210.29,clear,1000
210.05,actually,1000
209.98,visit,1000
209.39,staff,1000
208.99,review,1000
208.8,figure,1000
208.78,thank,1000
208.07,content,1000
208.07,space,1000
207.95,church,1000
207.57,step,1000
206.44,whole,1000
205.46,meeting,1000
205.4,bush,1000
205.39,trade,1000
205.35,common,1000
204.77,author,1000
203.7,bill,1000
203.14,sign,1000
202.01,june,1000
201.87,air,1000
201.73,describe,1000
201.62,north,1000
201.49,property,1000
201.38,network,1000
201.35,medical,1000
200.7,role,1000
199.92,knowledge,1000
199.83,cannot,1000
199.82,spend,1000
199.64,message,1000
199.24,amount,1000
198.96,pass,1000
198.89,south,1000
198.63,america,1000
198.16,union,1000
198.15,speak,1000
197.99,film,1000
196.72,contain,1000
196.7,sell,1000
196.68,financial,1000
196.42,code,1000
195.86,serve,1000
194.86,professional,1000
194.68,suggest,1000
193.62,release,1000
193.52,stop,1000
193.5,click,1000
193.34,drive,1000
192.53,oil,1000
192.53,particular,1000
192.25,environment,1000
191.34,fund,1000
191.23,almost,1000
191.08,choose,1000
190.95,TRUE,1000
190.86,window,1000
190.83,text,1000
190.71,later,1000
190.47,purpose,1000
190.46,agree,1000
190.32,key,1000
190.29,land,1000
190.23,private,1000
189.8,someone,1000
189.42,sense,1000
189.07,detail,1000
188.84,college,1000
188.21,short,1000
188.08,relationship,1000
187.97,night,1000
187.73,situation,1000
187.68,death,1000
187.25,skill,1000
187.22,response,1000
187.16,image,1000
186.89,nothing,1000
186.35,accord,1000
186.35,five,1000
186.3,january,1000
185.97,along,1000
185.6,performance,1000
185.13,building,1000
184.99,decide,1000
184.95,determine,1000
184.86,certain,1000
184.6,stand,1000
184.09,charge,1000
183.99,military,1000
183.99,strong,1000
183.86,reduce,1000
183.59,sound,1000
183.38,probably,1000
183.33,medium,1000
183.06,agency,1000
183.05,table,1000
182.3,range,1000
180.97,specific,1000
180.91,reach,1000
180.86,carry,1000
180.54,likely,1000
180.53,unit,1000
180.1,employee,1000
180.03,april,1000
180,analysis,1000
179.15,federal,1000
179.06,single,1000
179.03,explain,1000
178.98,agreement,1000
178.76,street,1000
178.64,director,1000
178.62,especially,1000
178.57,heart,1000
177.81,improve,1000
177.58,black,1000
177.52,leader,1000
177.36,eye,1000
176.91,version,1000
176.41,treatment,1000
176.2,attack,1000
175.65,total,1000
175.57,statement,1000
175.25,item,1000
175.23,difference,1000
175.21,anything,1000
174.95,regard,1000
174.82,bank,1000
174.79,fire,1000
174.67,official,1000
173.83,break,1000
173.78,watch,1000
173.41,quite,1000
173.4,discuss,1000
173.09,discussion,1000
173.07,usually,1000
172.88,car,1000
172.81,simply,1000
172.8,themselves,1000
172.62,worker,1000
171.88,necessary,1000
171.47,letter,1000
171.37,evidence,1000
171.31,various,1000
170.97,establish,1000
170.53,similar,1000
170.44,email,1000
169.1,due,1000
168.59,english,1000
168.35,authority,1000
168.03,minute,1000
167.38,road,1000
167.12,council,1000
167.07,direct,1000
166.93,legal,1000
166.81,conference,1000
166.55,walk,1000
166.25,nature,1000
166.14,main,1000
166.03,publish,1000
165.66,natural,1000
165.65,structure,1000
165.28,thus,1000
165.27,identify,1000
165.25,itself,1000
165.17,disease,1000
164.98,association,1000
164.98,operation,1000
164.85,iraq,1000
164.7,recent,1000
164.63,production,1000
164.55,seek,1000
164.23,plant,1000
164.1,function,1000
163.85,simple,1000
163.83,win,1000
163.57,raise,1000
163.41,guide,1000
163.13,measure,1000
162.95,credit,1000
162.33,goal,1000
161.9,population,1000
161.81,relate,1000
161.78,across,1000
161.59,drug,1000
161.58,growth,1000
161.5,die,1000
161.3,teach,1000
161.29,remember,1000
161.08,ensure,1000
161.06,request,1000
160.96,accept,1000
160.7,average,1000
160.64,sit,1000
160.27,am,1000
159.74,size,1000
158.69,strategy,1000
158.55,basic,1000
158.44,blood,1000
158.35,instead,1000
157.83,perhaps,1000
157.6,picture,1000
157.54,september,1000
157.36,tool,1000
157.35,ago,1000
157.35,february,1000
157.33,challenge,1000
157.2,choice,1000
156.85,ability,1000
156.5,helpful,1000
155.7,solution,1000
155.4,series,1000
155.19,outside,1000
154.89,animal,1000
154.89,reference,1000
154.66,third,1000
154.65,requirement,1000
154.59,cut,1000
154.52,character,1000
154.33,option,1000
153.91,cell,1000
153.74,theory,1000
153.7,factor,1000
153.13,bit,1000
152.97,occur,1000
152.95,effective,1000
152.72,exist,1000
152.63,anyone,1000
152.53,culture,1000
152.5,everyone,1000
152.15,impact,1000
152.07,below,1000
152.07,degree,1000
151.9,join,1000
151.86,card,1000
151.8,phone,1000
151.68,supply,1000
151.55,maintain,1000
151.05,european,1000
151.04,october,1000
150.92,everything,1000
150.6,potential,1000
150.54,library,1000
150.54,video,1000
150.04,july,1000
149.94,mark,1000
149.76,represent,1000
149.68,therefore,1000
149.47,title,1000
149.08,addition,1000
148.91,yes,1000
148.61,vote,1000
148.55,demand,1000
148.5,nation,1000
148.45,copy,1000
148.13,difficult,1000
148.02,sometimes,1000
147.32,foreign,1000
146.92,stay,1000
146.91,attempt,1000
146.83,exercise,1000
146.78,enter,1000
146.61,update,1000
146.52,travel,1000
146.3,police,1000
146.07,bear,1000
146.06,store,1000
146.03,notice,1000
145.55,officer,1000
145.07,half,1000
144.27,kill,1000
144.14,commission,1000
144.11,player,1000
143.33,movement,1000
143.06,original,1000
142.86,contract,1000
142.78,additional,1000
142.24,loss,1000
142.07,appropriate,1000
141.97,ground,1000
141.87,december,1000
141.49,protect,1000
141.41,manage,1000
141.07,global,1000
140.88,prepare,1000
140.44,front,1000
140.19,principle,1000
139.99,century,1000
139.86,significant,1000
139.3,central,1000
139.04,refer,1000
138.99,economy,1000
138.95,dog,1000
138.89,affect,1000
138.56,physical,1000
138.53,income,1000
138.43,rise,1000
138.26,recognize,1000
138.13,check,1000
138.03,success,1000
138.02,object,1000
137.87,website,1000
137.76,washington,1000
137.65,november,1000
137.61,wait,1000
137.6,near,1000
137.54,final,1000
137.32,west,1000
136.98,responsibility,1000
136.46,administration,1000
136.36,else,1000
136.29,define,1000
136.16,achieve,1000
136.16,wish,1000
135.99,girl,1000
135.44,minister,1000
135.03,box,1000
135.02,task,1000
134.88,conduct,1000
134.82,safety,1000
134.69,perform,1000
134.32,rest,1000
134.23,east,1000
134.23,region,1000
133.57,manager,1000
133.54,grant,1000
133.42,communication,1000
133.26,b,1000
133.26,hospital,1000
133.02,piece,1000
132.96,six,1000
132.8,copyright,1000
132.49,chapter,1000
132.36,foot,1000
132.24,soon,1000
132,draw,1000
131.98,finally,1000
131.73,purchase,1000
131.72,save,1000
131.63,couple,1000
131.56,basis,1000
131.36,fight,1000
131.26,fail,1000
131.11,avoid,1000
130.81,compare,1000
130.75,mother,1000
130.66,reader,1000
130.57,limited,1000
130.56,wrong,1000
130.54,attention,1000
130.46,club,1000
130.21,journal,1000
130.13,poor,1000
130.1,facility,1000
129.92,red,1000
129.9,procedure,1000
129.79,thought,1000
129.78,element,1000
129.65,stage,1000
129.12,environmental,1000
128.91,uk,1000
128.83,behind,1000
128.83,mention,1000
128.37,respect,1000
128.13,town,1000
128.09,topic,1000
128.02,europe,1000
127.53,location,1000
127.5,mr,1000
126.87,david,1000
126.75,associate,1000
126.37,track,1000
125.88,indicate,1000
125.84,color,1000
125.84,weight,1000
125.83,investment,1000
125.53,award,1000
125.48,pressure,1000
125.19,opinion,1000
125.18,encourage,1000
124.99,lack,1000
124.83,election,1000
124.37,county,1000
124.19,equipment,1000
124.18,british,1000
123.68,particularly,1000
123.51,select,1000
123.3,consumer,1000
123.26,peace,1000
123.06,executive,1000
122.83,sort,1000
122.79,kid,1000
122.54,gain,1000
122.46,firm,1000
122.4,institution,1000
122.2,client,1000
121.65,august,1000
121.5,x,1000
121.32,enjoy,1000
121.03,writ,1000
120.8,army,1000
120.63,whose,1000
120.38,concept,1000
120.3,protection,1000
120.22,middle,1000
120.2,interview,1000
120.15,reply,1000
119.99,tree,1000
119.97,remove,1000
119.87,eat,1000
119.83,technique,1000
119.68,arm,1000
119.59,prevent,1000
119.57,former,1000
119.5,london,1000
119.45,express,1000
119.38,propose,1000
119.08,wide,1000
119.04,interesting,1000
118.92,campaign,1000
118.37,lie,1000
118.16,himself,1000
118,influence,1000
117.91,throughout,1000
117.89,c,1000
117.62,voice,1000
117.56,generally,1000
117.47,father,1000
117.43,recommend,1000
117.29,capital,1000
117.2,currently,1000
116.9,beyond,1000
116.86,target,1000
116.51,style,1000
116.46,maybe,1000
115.91,recently,1000
115.88,canada,1000
115.42,treat,1000
115.24,collection,1000
114.94,insurance,1000
114.65,hit,1000
114.49,argument,1000
114.45,machine,1000
114.36,guy,1000
114.33,inside,1000
114.19,de,1000
114,chance,1000
113.97,doctor,1000
113.88,forward,1000
113.66,realize,1000
113.52,park,1000
113.51,yourself,1000
113.5,earth,1000
113.3,print,1000
113.23,boy,1000
113.13,star,1000
112.46,survey,1000
112.27,movie,1000
112.25,promote,1000
112.08,depend,1000
112.01,obtain,1000
111.98,serious,1000
111.91,district,1000
111.81,weapon,1000
111.72,modern,1000
111.35,station,1000
111.3,damage,1000
111.05,limit,1000
111.03,entire,1000
111,fear,1000
110.83,alternative,1000
110.69,introduce,1000
110.58,display,1000
110.46,moment,1000
110.42,institute,1000
110.23,california,1000
110.16,baby,1000
110.08,race,1000
110.06,directly,1000
109.92,annual,1000
109.88,career,1000
109.87,trust,1000
109.81,useful,1000
109.44,sector,1000
109.42,technical,1000
109.35,e-mail,1000
109.3,train,1000
109.17,responsible,1000
108.99,fine,1000
108.95,green,1000
108.93,clearly,1000
108.82,successful,1000
108.71,provision,1000
108.7,miss,1000
108.4,son,1000
108.06,pattern,1000
108.02,daily,1000
107.98,christian,1000
107.72,status,1000
107.13,previous,1000
106.98,prove,1000
106.89,truth,1000
106.82,freedom,1000
106.73,thousand,1000
106.68,independent,1000
106.49,fee,1000
106.43,submit,1000
106.04,stock,2000
105.84,aspect,2000
105.7,pretty,2000
105.07,wall,2000
105.02,variety,2000
105,understanding,2000
104.73,morning,2000
104.4,partner,2000
104.39,adult,2000
104.39,wife,2000
103.98,unless,2000
103.97,george,2000
103.82,teaching,2000
103.81,china,2000
103.76,deep,2000
103.22,advice,2000
103.14,normal,2000
103.06,transfer,2000
103,defence,2000
102.83,fast,2000
102.75,quickly,2000
102.41,employment,2000
102.38,positive,2000
102.31,commercial,2000
102.26,regulation,2000
102.2,relation,2000
102.04,fill,2000
101.87,certainly,2000
101.87,ten,2000
101.86,pick,2000
101.81,operate,2000
101.63,payment,2000
101.51,map,2000
101.38,progress,2000
101.34,photo,2000
101.25,entry,2000
101.2,happy,2000
101.19,door,2000
101.18,glass,2000
101.17,james,2000
101.16,direction,2000
101.13,foundation,2000
101.08,complex,2000
100.93,services,2000
100.69,sea,2000
100.26,exchange,2000
100.23,listen,2000
100.22,traditional,2000
100.1,server,2000
100.01,assume,2000
99.97,ii,2000
99.89,nor,2000
99.79,paul,2000
99.77,civil,2000
99.73,debate,2000
99.73,primary,2000
99.68,ship,2000
99.67,drop,2000
99.64,behavior,2000
99.62,budget,2000
99.4,myself,2000
99.34,labor,2000
99.18,summer,2000
99.09,category,2000
98.92,critical,2000
98.78,indeed,2000
98.69,scientific,2000
98.66,aid,2000
98.63,deliver,2000
98.56,description,2000
98.38,estimate,2000
98.17,prior,2000
97.92,expert,2000
97.77,implement,2000
97.73,schedule,2000
97.7,judge,2000
97.66,toward,2000
97.6,highly,2000
97.54,separate,2000
97.47,session,2000
97.22,fair,2000
97.17,marriage,2000
97.14,connection,2000
97.09,worth,2000
96.85,digital,2000
96.83,respond,2000
96.59,nuclear,2000
96.5,billion,2000
96.42,professor,2000
96.42,speech,2000
96.39,conflict,2000
96.01,reading,2000
95.92,device,2000
95.83,dollar,2000
95.82,block,2000
95.62,alone,2000
95.62,towards,2000
95.45,senior,2000
95.39,michael,2000
95.38,balance,2000
95.33,reserve,2000
95.3,congress,2000
95.22,discover,2000
95.12,register,2000
94.91,planning,2000
94.69,reflect,2000
94.54,assessment,2000
94.48,justice,2000
94.4,failure,2000
94.34,nearly,2000
94.33,tv,2000
94.21,safe,2000
94.19,quote,2000
94.16,secretary,2000
94.11,argue,2000
94.04,owner,2000
93.99,agent,2000
93.96,despite,2000
93.93,sample,2000
93.92,sex,2000
93.9,cancer,2000
93.72,academic,2000
93.69,majority,2000
93.68,division,2000
93.63,memory,2000
93.61,attend,2000
93.48,popular,2000
93.41,marketing,2000
93.41,mile,2000
93.34,song,2000
93.26,advantage,2000
93.17,nice,2000
92.97,gas,2000
92.91,active,2000
92.91,easily,2000
92.79,proposal,2000
92.75,radio,2000
92.64,hundred,2000
92.42,error,2000
92.34,educational,2000
92.28,via,2000
92.13,trial,2000
92,context,2000
91.68,season,2000
91.37,except,2000
91.36,duty,2000
90.93,format,2000
90.91,vehicle,2000
90.7,advance,2000
90.63,religious,2000
90.54,reality,2000
90.5,magazine,2000
90.34,otherwise,2000
90.32,aim,2000
90.3,objective,2000
90.14,fun,2000
90.14,ready,2000
90.13,wear,2000
90.1,surface,2000
90.06,mission,2000
90.03,enable,2000
89.82,explore,2000
89.59,edition,2000
89.46,stuff,2000
89.42,wonder,2000
89.41,whatever,2000
89.34,permit,2000
89.34,usa,2000
89.2,participate,2000
88.98,graduate,2000
88.93,et,2000
88.78,speed,2000
88.77,contribute,2000
88.62,mass,2000
88.58,handle,2000
88.55,employer,2000
88.51,robert,2000
88.42,related,2000
88.37,french,2000
87.98,western,2000
87.86,volume,2000
87.83,desire,2000
87.82,blue,2000
87.76,component,2000
87.76,essential,2000
87.71,editor,2000
87.65,locate,2000
87.61,cross,2000
87.37,england,2000
87.33,pain,2000
87.33,s,2000
87.29,immediately,2000
87.27,river,2000
87.11,host,2000
87.07,overall,2000
86.95,fully,2000
86.94,regular,2000
86.85,fit,2000
86.85,wo,2000
86.83,floor,2000
86.78,citizen,2000
86.72,excellent,2000
86.69,completely,2000
86.65,organize,2000
86.63,catch,2000
86.49,reform,2000
86.4,clean,2000
86.32,corporate,2000
86.27,wind,2000
86.05,index,2000
85.85,corporation,2000
85.82,chief,2000
85.7,flow,2000
85.62,exactly,2000
85.6,feeling,2000
85.38,intend,2000
85.29,learning,2000
85.22,master,2000
85.19,correct,2000
84.85,cultural,2000
84.85,replace,2000
84.8,publication,2000
84.78,sun,2000
84.74,brain,2000
84.71,labour,2000
84.69,instance,2000
84.6,crime,2000
84.54,writer,2000
84.32,database,2000
84.29,score,2000
84.16,microsoft,2000
84.07,forum,2000
84.01,finish,2000
84.01,introduction,2000
83.91,artist,2000
83.81,assistance,2000
83.79,hot,2000
83.74,arrive,2000
83.72,generation,2000
83.62,demonstrate,2000
83.58,mail,2000
83.57,tend,2000
83.51,background,2000
83.4,count,2000
83.29,construction,2000
83.23,sleep,2000
83.09,dead,2000
83.04,al,2000
83,launch,2000
82.88,command,2000
82.82,strike,2000
82.68,welcome,2000
82.54,regional,2000
82.44,vision,2000
82.42,patch,2000
82.4,threat,2000
82.3,competition,2000
82.29,announce,2000
82.18,speaker,2000
82.12,candidate,2000
82.08,plus,2000
82.08,scheme,2000
82.07,sunday,2000
82.02,tip,2000
81.94,grade,2000
81.84,adopt,2000
81.66,screen,2000
81.6,medicine,2000
81.54,match,2000
81.43,instruction,2000
81.36,leadership,2000
81.27,scientist,2000
81.25,round,2000
81.23,lesson,2000
81.18,spring,2000
81.03,relevant,2000
80.49,collect,2000
80.48,bar,2000
80.4,cold,2000
80.34,television,2000
80.18,definition,2000
80.07,richard,2000
79.98,generate,2000
79.93,dream,2000
79.89,hotel,2000
79.81,scale,2000
79.8,conclusion,2000
79.71,distribution,2000
79.7,san,2000
79.66,shop,2000
79.54,examine,2000
79.53,oh,2000
79.47,representative,2000
79.44,actual,2000
79.44,waste,2000
79.09,peter,2000
79.08,whom,2000
79.07,village,2000
79.03,africa,2000
79.01,presentation,2000
78.92,william,2000
78.59,participant,2000
78.35,lord,2000
78.29,extend,2000
78.29,rock,2000
78.27,stress,2000
78,appeal,2000
77.9,blog,2000
77.85,times,2000
77.82,industrial,2000
77.76,strength,2000
77.66,forget,2000
77.63,pull,2000
77.6,decade,2000
77.54,importance,2000
77.33,politics,2000
77.29,drink,2000
77.26,belief,2000
77.17,spirit,2000
76.98,electronic,2000
76.95,approve,2000
76.93,suffer,2000
76.91,trip,2000
76.63,equal,2000
76.62,extra,2000
76.55,licence,2000
76.46,perspective,2000
76.37,shape,2000
76.32,unique,2000
76.16,secure,2000
76.12,cheque,2000
76.04,telephone,2000
75.99,doubt,2000
75.95,german,2000
75.87,engine,2000
75.8,huge,2000
75.66,husband,2000
75.66,reveal,2000
75.65,recommendation,2000
75.64,contribution,2000
75.61,writing,2000
75.59,gift,2000
75.59,suppose,2000
75.53,housing,2000
75.46,friday,2000
75.35,improvement,2000
75.24,connect,2000
75.19,texas,2000
75.15,circumstance,2000
75.09,fuel,2000
74.99,multiple,2000
74.55,capacity,2000
74.55,rich,2000
74.54,monitor,2000
74.47,possibility,2000
74.46,loan,2000
74.36,seven,2000
74.32,audience,2000
74.32,intelligence,2000
74.2,funding,2000
74.1,engage,2000
74.02,throw,2000
73.94,religion,2000
73.84,push,2000
73.82,initiative,2000
73.81,fly,2000
73.71,promise,2000
73.68,net,2000
73.55,powerful,2000
73.5,faith,2000
73.46,expand,2000
73.45,scene,2000
73.38,band,2000
73.28,iraqi,2000
73.25,male,2000
73.23,faculty,2000
73.2,island,2000
73.2,touch,2000
73.17,smith,2000
73.14,sport,2000
73.05,perfect,2000
72.88,australia,2000
72.87,aware,2000
72.84,commit,2000
72.79,slow,2000
72.77,canadian,2000
72.51,hair,2000
72.25,best,2000
72.21,secret,2000
72.15,monday,2000
71.98,engineering,2000
71.77,bed,2000
71.74,india,2000
71.72,left,2000
71.39,chair,2000
71.35,package,2000
71.25,legislation,2000
71.17,battle,2000
71.07,amendment,2000
71.03,practical,2000
70.96,chemical,2000
70.96,feed,2000
70.91,female,2000
70.89,convention,2000
70.83,selection,2000
70.75,beginning,2000
70.74,birth,2000
70.7,france,2000
70.56,guideline,2000
70.39,finance,2000
70.32,profit,2000
70.14,jesus,2000
69.95,surprise,2000
69.87,soldier,2000
69.79,opening,2000
69.78,commitment,2000
69.69,bottom,2000
69.68,cd,2000
69.57,emergency,2000
69.47,sexual,2000
69.46,distance,2000
69.4,initial,2000
69.38,germany,2000
69.38,reviewer,2000
69.31,revenue,2000
69.19,none,2000
69.16,struggle,2000
69.12,resolution,2000
68.77,negative,2000
68.74,d,2000
68.69,fish,2000
68.5,fix,2000
68.49,assist,2000
68.42,observe,2000
68.39,heavy,2000
68.28,eventually,2000
68.21,label,2000
68.15,brother,2000
68.1,dark,2000
68.01,gun,2000
67.78,hall,2000
67.76,trend,2000
67.75,cool,2000
67.71,privacy,2000
67.53,beautiful,2000
67.52,joint,2000
67.51,internal,2000
67.49,resident,2000
67.46,violence,2000
67.43,daughter,2000
67.42,delivery,2000
67.31,experiment,2000
67.25,provider,2000
67.24,implementation,2000
67.21,core,2000
67.13,minimum,2000
67.13,tour,2000
67.08,cent,2000
67.06,broad,2000
66.99,cash,2000
66.97,shift,2000
66.81,mental,2000
66.61,e,2000
66.56,japan,2000
66.44,channel,2000
66.4,manner,2000
66.36,fan,2000
66.34,meaning,2000
66.27,relative,2000
66.25,abuse,2000
66.15,healthy,2000
66.13,extent,2000
66.12,spread,2000
66.12,worry,2000
66.07,democratic,2000
66.02,investigation,2000
65.94,double,2000
65.93,criminal,2000
65.93,heat,2000
65.9,length,2000
65.82,seat,2000
65.81,install,2000
65.76,difficulty,2000
65.52,imagine,2000
65.42,decline,2000
65.39,injury,2000
65.3,prime,2000
65.22,newspaper,2000
65.2,researcher,2000
65.19,consideration,2000
65.1,outcome,2000
65.07,farm,2000
64.99,attitude,2000
64.99,literature,2000
64.97,earn,2000
64.74,consequence,2000
64.71,ad,2000
64.71,historical,2000
64.71,youth,2000
64.65,sponsor,2000
64.61,admit,2000
64.56,motion,2000
64.5,chairman,2000
64.5,evaluation,2000
64.46,lay,2000
64.42,enterprise,2000
64.41,garden,2000
64.37,path,2000
64.31,solve,2000
64.25,guess,2000
64.24,advanced,2000
63.98,edit,2000
63.98,saturday,2000
63.97,shoot,2000
63.92,oppose,2000
63.88,vary,2000
63.87,quick,2000
63.74,coverage,2000
63.69,democracy,2000
63.65,crisis,2000
63.56,african,2000
63.42,refuse,2000
63.38,northern,2000
63.38,sentence,2000
63.32,hearing,2000
63.27,chinese,2000
63.22,temperature,2000
63.18,christ,2000
63.18,horse,2000
63.18,summary,2000
63.14,destroy,2000
63.06,estate,2000
63.03,forest,2000
63.03,priority,2000
62.52,la,2000
62.5,presence,2000
62.44,proper,2000
62.41,extremely,2000
62.31,re,2000
62.3,expense,2000
62.28,quarter,2000
62.25,employ,2000
62.13,download,2000
62.07,cup,2000
61.88,ball,2000
61.88,driver,2000
61.85,king,2000
61.84,combine,2000
61.78,inform,2000
61.77,permalink,2000
61.69,draft,2000
61.58,expression,2000
61.52,stick,2000
61.4,domestic,2000
61.34,creation,2000
61.03,workshop,2000
61,moral,2000
60.99,reasonable,2000
60.9,truly,2000
60.75,patent,2000
60.73,volunteer,2000
60.72,eight,2000
60.71,novel,2000
60.66,clinical,2000
60.49,ignore,2000
60.32,relatively,2000
60.27,traffic,2000
60.16,profile,2000
60.13,root,2000
60.04,diet,2000
60.04,membership,2000
59.95,trouble,2000
59.91,brief,2000
59.88,n,2000
59.88,weather,2000
59.81,neither,2000
59.79,scotland,2000
59.73,detailed,2000
59.69,spot,2000
59.47,camera,2000
59.44,evening,2000
59.42,brown,2000
59.4,creative,2000
59.4,thomas,2000
59.38,long-term,2000
59.34,hill,2000
59.32,victim,2000
59.31,classroom,2000
59.24,yesterday,2000
59.08,transport,2000
59,christmas,2000
58.88,saving,2000
58.88,square,2000
58.86,willing,2000
58.84,arise,2000
58.83,phase,2000
58.78,guarantee,2000
58.77,framework,2000
58.68,evaluate,2000
58.67,bird,2000
58.64,dance,2000
58.6,ahead,2000
58.56,consist,2000
58.48,earlier,2000
58.48,reduction,2000
58.35,asset,2000
58.35,signal,2000
58.31,constitution,2000
58.27,emerge,2000
58.21,combination,2000
58.21,museum,2000
58.14,seeing,2000
58.13,camp,2000
58.13,mistake,2000
58.13,southern,2000
58.12,m,2000
58.01,q,2000
57.96,testing,2000
57.94,tea,2000
57.92,obvious,2000
57.85,obviously,2000
57.82,setting,2000
57.82,terrorist,2000
57.81,eu,2000
57.77,cite,2000
57.67,specifically,2000
57.52,existing,2000
57.44,personnel,2000
57.41,conclude,2000
57.41,enemy,2000
57.34,distribute,2000
57.3,mix,2000
57.27,abstract,2000
57.25,flight,2000
57.21,wonderful,2000
57.14,edge,2000
57.1,mar,2000
57.09,wednesday,2000
57.07,tuesday,2000
57.06,rating,2000
57.04,rights,2000
57.02,deny,2000
56.99,wage,2000
56.96,finding,2000
56.95,therapy,2000
56.9,charles,2000
56.87,divide,2000
56.85,holiday,2000
56.84,tie,2000
56.83,identity,2000
56.77,theme,2000
56.72,pound,2000
56.71,confirm,2000
56.55,senate,2000
56.43,inch,2000
56.41,invite,2000
56.36,witness,2000
56.3,conservative,2000
56.22,intellectual,2000
56.21,frame,2000
56.12,reaction,2000
56.03,wave,2000
55.92,winter,2000
55.87,thursday,2000
55.86,characteristic,2000
55.85,judgment,2000
55.8,visual,2000
55.79,hire,2000
55.76,skin,2000
55.75,forced,2000
55.75,lawyer,2000
55.72,tradition,2000
55.65,cycle,2000
55.64,debt,2000
55.53,israel,2000
55.46,registration,2000
55.43,tom,2000
55.33,mechanism,2000
55.32,assess,2000
55.28,column,2000
55.27,dry,2000
55.19,t,2000
55.18,conversation,2000
55.1,permission,2000
55.08,approximately,2000
55.06,pp,2000
55.02,arrangement,2000
54.89,frequently,2000
54.86,capability,2000
54.8,enhance,2000
54.77,comprehensive,2000
54.77,fundamental,2000
54.76,japanese,2000
54.67,beat,2000
54.63,cooperation,2000
54.6,ministry,2000
54.57,suggestion,2000
54.49,disability,2000
54.43,criterion,2000
54.3,mary,2000
54.28,attorney,2000
54.24,ride,2000
54.2,living,2000
54.07,indian,2000
54,mountain,2000
53.96,previously,2000
53.91,roll,2000
53.9,gold,2000
53.9,self,2000
53.88,switch,2000
53.85,liberal,2000
53.84,export,2000
53.83,burn,2000
53.79,domain,2000
53.72,publisher,2000
53.7,household,2000
53.62,delay,2000
53.62,rural,2000
53.59,strategic,2000
53.57,lake,2000
53.55,suit,2000
53.54,onto,2000
53.49,anyway,2000
53.47,britain,2000
53.47,straight,2000
53.29,branch,2000
53.29,participation,2000
53.26,maximum,2000
53.19,interested,2000
53.15,unfortunately,2000
53.12,ireland,2000
53.1,zone,2000
53.02,button,2000
52.99,brand,2000
52.94,portion,2000
52.9,log,2000
52.88,info,2000
52.82,developer,2000
52.78,maintenance,2000
52.71,wood,2000
52.7,troop,2000
52.67,weekend,2000
52.65,fax,2000
52.53,favorite,2000
52.5,interaction,2000
52.38,partnership,2000
52.38,philosophy,2000
52.27,capture,2000
52.25,feedback,2000
52.04,republican,2000
52.01,thinking,2000
51.98,ticket,2000
51.9,effectively,2000
51.88,working,2000
51.82,scottish,2000
51.75,eliminate,2000
51.67,centre,2000
51.64,o,2000
51.62,campus,2000
51.61,variable,2000
51.53,extension,2000
51.52,cat,2000
51.51,mostly,2000
51.37,acquire,2000
51.27,explanation,2000
51.25,native,2000
51.2,external,2000
51.08,impossible,2000
51.07,assign,2000
51.07,climate,2000
51.07,repeat,2000
51.05,poverty,2000
51.01,possibly,2000
50.97,pdf,2000
50.93,declare,2000
50.93,soil,2000
50.85,storage,2000
50.81,complaint,2000
50.76,assembly,2000
50.67,evolution,2000
50.67,specie,2000
50.61,mine,2000
50.59,specify,2000
50.56,engineer,2000
50.5,p,2000
50.47,jan,2000
50.44,warm,2000
50.42,cheap,2000
50.4,interface,2000
50.3,americans,2000
50.3,media,2000
50.28,rely,2000
50.25,chicago,2000
50.22,pc,2000
50.2,approval,2000
50.18,kerry,2000
50.09,australian,2000
50.08,principal,2000
50.06,resolve,2000
50.04,rank,2000
50.04,urban,2000
50.02,physician,2000
49.99,apparently,2000
49.97,stone,2000
49.93,florida,2000
49.86,vice,2000
49.85,disorder,2000
49.84,exception,2000
49.81,fat,2000
49.81,symptom,2000
49.79,bond,2000
49.78,essay,2000
49.71,contrast,2000
49.68,increasedly,2000
49.64,slightly,2000
49.63,marry,2000
49.6,border,2000
49.55,mobile,2000
49.5,normally,2000
49.47,lady,2000
49.44,instrument,2000
49.44,observation,2000
49.43,hang,2000
49.33,guest,2000
49.28,entirely,2000
49.23,r,2000
49.19,spiritual,2000
49.13,permanent,2000
49.13,survive,2000
49.07,guard,2000
49.05,typically,2000
49.04,jump,2000
49,route,2000
48.98,assistant,2000
48.9,farmer,2000
48.87,hate,2000
48.84,folk,2000
48.83,origin,2000
48.82,leg,2000
48.78,comparison,2000
48.77,audio,2000
48.77,port,2000
48.74,phrase,2000
48.67,danger,2000
48.6,sheet,2000
48.53,beach,2000
48.53,visitor,2000
48.52,theatre,2000
48.43,royal,2000
48.4,systems,2000
48.39,appreciate,2000
48.34,laboratory,2000
48.3,resources,2000
48.25,analyse,2000
48.25,surround,2000
48.24,soul,2000
48.22,evil,2000
48.18,muscle,2000
48.12,corner,2000
48.12,manufacturer,2000
48.05,sufficient,2000
48.02,bridge,2000
47.97,communicate,2000
47.95,it's,2000
47.95,ring,2000
47.9,apple,2000
47.86,tape,2000
47.85,advertising,2000
47.85,input,2000
47.83,ourselves,2000
47.82,infrastructure,2000
47.81,mode,2000
47.79,threaten,2000
47.78,bag,2000
47.71,immediate,2000
47.65,numerous,2000
47.57,pack,2000
47.46,existence,2000
47.46,outline,2000
47.46,producer,2000
47.45,gather,2000
47.43,gene,2000
47.43,properly,2000
47.4,obligation,2000
47.39,merely,2000
47.38,dvd,2000
47.32,eastern,2000
47.32,valley,2000
47.3,directory,2000
47.22,hole,2000
47.18,expensive,2000
47.17,browser,2000
47.16,written,2000
47.12,shot,2000
47.09,largely,2000
47.08,mike,2000
47.08,pursue,2000
47.06,bible,2000
47.05,curriculum,2000
47.01,highlight,2000
47.01,parliament,2000
46.92,sir,2000
46.87,decrease,2000
46.84,are,2000
46.8,formal,2000
46.78,planet,2000
46.74,transaction,2000
46.73,ok,2000
46.71,honor,2000
46.65,dress,2000
46.63,absolutely,2000
46.63,ed,2000
46.48,opposition,2000
46.47,actor,2000
46.44,blow,2000
46.41,emotional,2000
46.37,russian,2000
46.36,invest,2000
46.32,transportation,2000
46.3,increased,2000
46.29,sister,2000
46.29,suspect,2000
46.28,familiar,2000
46.28,sorry,2000
46.24,studio,2000
46.21,sing,2000
46.13,dangerous,2000
46.06,confidence,2000
46.06,discipline,2000
46.05,investigate,2000
46.03,expose,2000
46.03,solid,2000
46.01,preparation,2000
46,percentage,2000
45.99,chain,2000
45.93,coffee,2000
45.93,linux,2000
45.91,reject,2000
45.88,necessarily,2000
45.88,output,2000
45.86,construct,2000
45.85,coast,2000
45.85,elect,2000
45.82,examination,2000
45.82,platform,2000
45.8,somewhat,2000
45.79,dr,2000
45.77,enforcement,2000
45.76,string,2000
45.74,revolution,2000
45.73,j,2000
45.7,prison,2000
45.67,consistent,2000
45.63,carefully,2000
45.6,murder,2000
45.56,un,2000
45.55,jim,2000
45.54,agenda,2000
45.5,paragraph,2000
45.45,applicant,2000
45.45,nurse,2000
45.44,import,2000
45.44,impose,2000
45.43,administrative,2000
45.38,ideal,2000
45.35,prefer,2000
45.3,FALSE,2000
45.29,modify,2000
45.28,martin,2000
45.23,album,2000
45.18,valuable,2000
45.17,bob,2000
45.13,incorporate,2000
45.11,pair,2000
45.02,fairly,2000
44.99,iii,2000
44.95,proceed,2000
44.9,classic,2000
44.9,fourth,2000
44.83,unable,2000
44.77,fellow,2000
44.76,significantly,2000
44.75,processing,2000
44.72,arrest,2000
44.56,smart,2000
44.54,dialogue,2000
44.54,expectation,2000
44.5,data,2000
44.41,bus,2000
44.4,trackback,2000
44.39,attach,2000
44.34,defend,2000
44.32,colleague,2000
44.31,alcohol,2000
44.3,attribute,2000
44.19,boston,2000
44.17,advise,2000
44.09,fresh,2000
44.02,surgery,2000
44,awareness,2000
44,incident,2000
44,repair,3000
43.93,soviet,3000
43.88,gay,3000
43.85,russia,3000
43.83,cast,3000
43.8,recall,3000
43.74,primarily,3000
43.73,supreme,3000
43.73,typical,3000
43.7,chris,3000
43.69,chart,3000
43.69,exposure,3000
43.69,newsletter,3000
43.68,acknowledge,3000
43.62,flat,3000
43.62,protocol,3000
43.58,famous,3000
43.43,asia,3000
43.39,ancient,3000
43.39,suddenly,3000
43.36,boat,3000
43.36,upper,3000
43.32,ice,3000
43.32,stream,3000
43.29,accident,3000
43.28,circle,3000
43.26,belong,3000
43.26,restaurant,3000
43.23,ban,3000
43.21,programming,3000
43.2,regime,3000
43.14,advocate,3000
43.11,originally,3000
43.11,virus,3000
43.1,paint,3000
43.06,seriously,3000
42.97,attract,3000
42.97,manual,3000
42.94,investor,3000
42.9,convince,3000
42.89,negotiation,3000
42.88,f,3000
42.83,monthly,3000
42.8,photograph,3000
42.78,hide,3000
42.72,behaviour,3000
42.71,entitle,3000
42.7,emphasis,3000
42.7,pool,3000
42.66,jack,3000
42.65,accurate,3000
42.62,biological,3000
42.61,dimension,3000
42.6,relief,3000
42.56,favor,3000
42.53,predict,3000
42.52,specialist,3000
42.48,strongly,3000
42.41,recognition,3000
42.39,succeed,3000
42.28,lecture,3000
42.26,totally,3000
42.25,steve,3000
42.24,colour,3000
42.24,considering,3000
42.24,retain,3000
42.23,liability,3000
42.19,interpretation,3000
42.17,pet,3000
42.13,remind,3000
42.12,equivalent,3000
42.06,achievement,3000
42.04,escape,3000
41.98,guidance,3000
41.97,fruit,3000
41.97,substantial,3000
41.96,load,3000
41.96,mouth,3000
41.93,forth,3000
41.89,recovery,3000
41.87,extensive,3000
41.86,appearance,3000
41.81,tag,3000
41.76,script,3000
41.75,extreme,3000
41.74,minor,3000
41.71,cable,3000
41.68,nine,3000
41.68,satisfy,3000
41.63,disaster,3000
41.63,v,3000
41.62,compete,3000
41.62,efficiency,3000
41.62,hurt,3000
41.6,severe,3000
41.59,constitute,3000
41.58,architecture,3000
41.57,program,3000
41.55,designer,3000
41.54,qualify,3000
41.53,emphasize,3000
41.53,innovation,3000
41.46,kingdom,3000
41.43,assumption,3000
41.39,cry,3000
41.37,custom,3000
41.35,means,3000
41.34,settle,3000
41.33,recording,3000
41.31,korea,3000
41.28,lift,3000
41.26,smile,3000
41.23,substance,3000
41.22,crop,3000
41.2,gender,3000
41.2,menu,3000
41.16,insight,3000
41.1,etc,3000
41.07,dispute,3000
41.06,resistance,3000
41.04,discovery,3000
41.03,apart,3000
41,minority,3000
41,nations,3000
40.94,layer,3000
40.93,senator,3000
40.92,operator,3000
40.81,implication,3000
40.81,league,3000
40.81,ultimately,3000
40.8,following,3000
40.77,efficient,3000
40.77,plane,3000
40.7,metal,3000
40.65,preserve,3000
40.63,convert,3000
40.58,treaty,3000
40.57,appoint,3000
40.56,competitive,3000
40.56,filter,3000
40.55,mount,3000
40.53,weekly,3000
40.5,closely,3000
40.45,representation,3000
40.44,weak,3000
40.42,intervention,3000
40.41,economics,3000
40.38,laugh,3000
40.37,welfare,3000
40.35,usual,3000
40.34,infection,3000
40.32,motor,3000
40.29,certificate,3000
40.26,urge,3000
40.21,illustrate,3000
40.2,agriculture,3000
40.18,republic,3000
40.17,twice,3000
40.16,editorial,3000
40.12,universal,3000
40.03,constant,3000
39.98,episode,3000
39.93,exceed,3000
39.86,poll,3000
39.85,sequence,3000
39.83,entertainment,3000
39.82,undertake,3000
39.82,wild,3000
39.81,grand,3000
39.76,proof,3000
39.74,leading,3000
39.7,google,3000
39.69,scope,3000
39.69,warning,3000
39.68,consultant,3000
39.65,academy,3000
39.65,spending,3000
39.64,afternoon,3000
39.6,don't,3000
39.56,reward,3000
39.54,virginia,3000
39.53,illegal,3000
39.5,coordinate,3000
39.5,encounter,3000
39.47,oxford,3000
39.46,st,3000
39.45,bind,3000
39.44,secondary,3000
39.44,terrorism,3000
39.43,widely,3000
39.39,coach,3000
39.38,affair,3000
39.37,transition,3000
39.35,seed,3000
39.34,voter,3000
39.32,contemporary,3000
39.31,thread,3000
39.3,los,3000
39.29,gap,3000
39.18,conservation,3000
39.18,universe,3000
39.13,restriction,3000
39.13,wales,3000
39.06,wealth,3000
39.02,settlement,3000
39,capable,3000
38.96,fashion,3000
38.92,holy,3000
38.9,salary,3000
38.85,rare,3000
38.85,violation,3000
38.72,hell,3000
38.71,arrange,3000
38.68,limitation,3000
38.62,afford,3000
38.53,consumption,3000
38.45,facilitate,3000
38.42,wake,3000
38.36,vendor,3000
38.31,calculate,3000
38.28,accomplish,3000
38.22,id,3000
38.22,reporter,3000
38.2,illness,3000
38.15,mac,3000
38.13,scott,3000
38.11,plot,3000
38.06,journey,3000
38.06,prevention,3000
38.03,compensation,3000
37.98,measurement,3000
37.97,columbia,3000
37.92,amazing,3000
37.92,journalist,3000
37.9,availability,3000
37.87,psychology,3000
37.85,standing,3000
37.84,occasion,3000
37.79,catholic,3000
37.79,clinton,3000
37.78,meal,3000
37.76,blame,3000
37.74,proceeding,3000
37.72,latter,3000
37.71,worldwide,3000
37.7,dear,3000
37.69,herself,3000
37.68,integration,3000
37.66,integrate,3000
37.64,java,3000
37.64,pilot,3000
37.61,strengthen,3000
37.55,assignment,3000
37.55,studies,3000
37.55,tough,3000
37.54,slowly,3000
37.54,tear,3000
37.5,shopping,3000
37.49,lab,3000
37.49,province,3000
37.46,definitely,3000
37.41,agricultural,3000
37.41,winner,3000
37.39,exhibit,3000
37.36,ocean,3000
37.35,comfortable,3000
37.35,derive,3000
37.34,automatically,3000
37.34,combat,3000
37.29,protest,3000
37.28,adequate,3000
37.25,inquiry,3000
37.12,admission,3000
37.11,harm,3000
37.09,lee,3000
37.01,compliance,3000
37,ear,3000
36.98,mexico,3000
36.98,statistic,3000
36.97,unlike,3000
36.96,g,3000
36.91,governor,3000
36.9,elsewhere,3000
36.88,notion,3000
36.86,van,3000
36.85,deposit,3000
36.85,feb,3000
36.85,henry,3000
36.84,utility,3000
36.82,dinner,3000
36.81,sum,3000
36.81,territory,3000
36.8,concentration,3000
36.79,sky,3000
36.79,wire,3000
36.72,absence,3000
36.68,pop,3000
36.66,contractor,3000
36.64,pro,3000
36.61,destruction,3000
36.6,species,3000
36.58,plastic,3000
36.54,incentive,3000
36.53,personally,3000
36.52,exclude,3000
36.49,virtual,3000
36.46,entity,3000
36.45,strange,3000
36.42,vast,3000
36.41,aircraft,3000
36.41,rapidly,3000
36.41,soft,3000
36.41,trading,3000
36.39,lock,3000
36.36,yeah,3000
36.33,appointment,3000
36.33,civilian,3000
36.32,regardless,3000
36.32,victory,3000
36.3,protein,3000
36.27,consent,3000
36.24,alliance,3000
36.23,prayer,3000
36.23,tomorrow,3000
36.22,establishment,3000
36.22,height,3000
36.22,resume,3000
36.21,carolina,3000
36.19,festival,3000
36.17,calendar,3000
36.13,opposite,3000
36.06,anywhere,3000
36.06,variation,3000
36.04,airport,3000
36.03,equally,3000
36.03,flower,3000
36.02,mainly,3000
36,considerable,3000
35.97,circuit,3000
35.91,taste,3000
35.89,bone,3000
35.85,gallery,3000
35.84,irish,3000
35.83,personality,3000
35.81,consultation,3000
35.8,everybody,3000
35.8,funny,3000
35.74,educate,3000
35.74,quantity,3000
35.7,symbol,3000
35.68,bomb,3000
35.6,marine,3000
35.59,diversity,3000
35.58,johnson,3000
35.55,adjust,3000
35.49,seminar,3000
35.48,prospect,3000
35.48,restore,3000
35.48,retirement,3000
35.46,row,3000
35.45,tank,3000
35.42,sight,3000
35.41,govern,3000
35.4,warn,3000
35.38,iran,3000
35.36,justify,3000
35.36,promotion,3000
35.34,manufacturing,3000
35.26,era,3000
35.25,ongoing,3000
35.22,finger,3000
35.2,dozen,3000
35.18,buyer,3000
35.18,friendly,3000
35.16,authorize,3000
35.13,vital,3000
35.11,remote,3000
35.1,hardware,3000
35.09,bay,3000
35.08,books,3000
35.07,perceive,3000
35.05,basically,3000
35.05,odd,3000
35.04,kitchen,3000
35.02,bright,3000
35,administrator,3000
35,jewish,3000
35,ordinary,3000
35,sick,3000
34.97,imply,3000
34.97,trail,3000
34.96,blind,3000
34.96,pacific,3000
34.93,affairs,3000
34.93,cook,3000
34.83,evolve,3000
34.82,flash,3000
34.81,jun,3000
34.8,eligible,3000
34.79,peak,3000
34.78,archives,3000
34.78,busy,3000
34.75,wine,3000
34.72,liberty,3000
34.7,successfully,3000
34.69,mortgage,3000
34.68,landscape,3000
34.67,rain,3000
34.67,retail,3000
34.63,truck,3000
34.61,dependent,3000
34.6,stretch,3000
34.58,revise,3000
34.56,1st,3000
34.54,ms,3000
34.53,interpret,3000
34.51,depth,3000
34.51,translate,3000
34.5,perception,3000
34.49,shock,3000
34.46,beauty,3000
34.46,tune,3000
34.43,habit,3000
34.43,lunch,3000
34.39,frequency,3000
34.37,frank,3000
34.35,francisco,3000
34.35,lower,3000
34.34,accompany,3000
34.33,crash,3000
34.31,defense,3000
34.27,leaf,3000
34.25,barrier,3000
34.25,phenomenon,3000
34.24,electric,3000
34.12,h,3000
34.1,careful,3000
34.08,steal,3000
33.99,designate,3000
33.98,joe,3000
33.96,joseph,3000
33.96,u,3000
33.95,charity,3000
33.94,adviser,3000
33.94,criticism,3000
33.94,differ,3000
33.91,default,3000
33.91,rapid,3000
33.88,operating,3000
33.87,jones,3000
33.87,slide,3000
33.86,massive,3000
33.86,transform,3000
33.8,intention,3000
33.73,listing,3000
33.68,involvement,3000
33.68,offence,3000
33.66,pose,3000
33.65,upgrade,3000
33.63,essentially,3000
33.63,steel,3000
33.6,crew,3000
33.59,preference,3000
33.55,okay,3000
33.52,applicable,3000
33.52,assure,3000
33.51,satellite,3000
33.48,yield,3000
33.46,coalition,3000
33.44,burden,3000
33.44,depression,3000
33.44,ratio,3000
33.39,women,3000
33.35,publishing,3000
33.31,behalf,3000
33.31,collective,3000
33.31,pupil,3000
33.31,smoke,3000
33.3,medication,3000
33.24,regularly,3000
33.23,narrow,3000
33.23,talent,3000
33.22,proportion,3000
33.21,consult,3000
33.2,electricity,3000
33.2,whenever,3000
33.19,defeat,3000
33.17,2nd,3000
33.17,factory,3000
33.17,negotiate,3000
33.17,reverse,3000
33.17,sustainable,3000
33.15,peer,3000
33.14,pension,3000
33.11,counsel,3000
33.09,genetic,3000
33.06,shoe,3000
33.05,prohibit,3000
33.03,archive,3000
33.03,fewer,3000
33.01,somewhere,3000
33,hence,3000
32.97,prisoner,3000
32.96,noise,3000
32.95,shipping,3000
32.95,w,3000
32.9,dc,3000
32.9,interactive,3000
32.88,painting,3000
32.85,cap,3000
32.84,paris,3000
32.83,zero,3000
32.81,crowd,3000
32.78,moreover,3000
32.74,broadcast,3000
32.74,expansion,3000
32.74,mouse,3000
32.74,nobody,3000
32.73,accounting,3000
32.73,recover,3000
32.71,catalogue,3000
32.69,acceptable,3000
32.69,exam,3000
32.67,aside,3000
32.64,mathematics,3000
32.62,penalty,3000
32.6,humanity,3000
32.58,tel,3000
32.56,currency,3000
32.56,storm,3000
32.55,passage,3000
32.51,concentrate,3000
32.51,conventional,3000
32.51,suitable,3000
32.51,unknown,3000
32.48,ohio,3000
32.47,snow,3000
32.46,pleasure,3000
32.44,celebrate,3000
32.43,valid,3000
32.42,math,3000
32.4,accessible,3000
32.4,insist,3000
32.4,temporary,3000
32.37,missile,3000
32.37,plenty,3000
32.32,module,3000
32.31,supplement,3000
32.27,spanish,3000
32.26,accordance,3000
32.24,emotion,3000
32.19,foster,3000
32.18,detect,3000
32.18,installation,3000
32.16,andrew,3000
32.16,links,3000
32.15,dynamic,3000
32.15,scenario,3000
32.13,meat,3000
32.09,discount,3000
32.08,deserve,3000
32.04,saddam,3000
32,kick,3000
31.97,bureau,3000
31.97,ultimate,3000
31.94,wireless,3000
31.92,mom,3000
31.92,organic,3000
31.92,overview,3000
31.87,independence,3000
31.86,alert,3000
31.86,expertise,3000
31.86,virtually,3000
31.83,discrimination,3000
31.83,politician,3000
31.83,twenty,3000
31.83,vol,3000
31.8,ownership,3000
31.79,random,3000
31.78,instructor,3000
31.77,boundary,3000
31.73,complain,3000
31.67,subsequent,3000
31.65,sin,3000
31.64,critic,3000
31.63,sensitive,3000
31.62,egg,3000
31.61,dave,3000
31.61,jurisdiction,3000
31.56,adapt,3000
31.56,greatly,3000
31.45,restrict,3000
31.38,y,3000
31.36,hardly,3000
31.34,empty,3000
31.33,wing,3000
31.29,effectiveness,3000
31.27,dec,3000
31.27,logic,3000
31.26,absolute,3000
31.26,scan,3000
31.24,acid,3000
31.19,magic,3000
31.16,flagstone,3000
31.15,supplier,3000
31.15,yard,3000
31.12,formula,3000
31.1,parking,3000
31.07,bell,3000
31.06,disk,3000
31.06,fiction,3000
31.06,moon,3000
31.03,fulfill,3000
31.02,documentation,3000
31,milk,3000
30.97,neighborhood,3000
30.96,fiscal,3000
30.95,cambridge,3000
30.95,occupation,3000
30.94,stable,3000
30.92,quiet,3000
30.88,clause,3000
30.87,specification,3000
30.85,pace,3000
30.75,rose,3000
30.75,sweet,3000
30.74,l,3000
30.72,queen,3000
30.71,oct,3000
30.67,inspire,3000
30.65,analyst,3000
30.64,formation,3000
30.64,pregnancy,3000
30.62,asian,3000
30.59,plain,3000
30.59,plate,3000
30.57,shoulder,3000
30.56,apr,3000
30.51,graphics,3000
30.51,somehow,3000
30.49,overcome,3000
30.47,pure,3000
30.46,advisory,3000
30.46,arts,3000
30.46,scholar,3000
30.45,alive,3000
30.44,angeles,3000
30.43,routine,3000
30.42,inner,3000
30.42,metre,3000
30.41,tube,3000
30.4,venture,3000
30.39,whereas,3000
30.37,heaven,3000
30.36,rush,3000
30.35,highway,3000
30.34,atmosphere,3000
30.32,submission,3000
30.29,utilize,3000
30.28,alter,3000
30.27,emission,3000
30.25,ally,3000
30.25,clothe,3000
30.24,identification,3000
30.23,commonly,3000
30.21,accuse,3000
30.21,html,3000
30.2,muslim,3000
30.19,proud,3000
30.18,excerpt,3000
30.17,desk,3000
30.16,stem,3000
30.12,execute,3000
30.12,manufacture,3000
30.11,afraid,3000
30.11,equity,3000
30.11,inspection,3000
30.1,roman,3000
30.09,bbc,3000
30.09,psychological,3000
30.06,armed,3000
30.05,translation,3000
30.03,crucial,3000
30.02,climb,3000
30,commissioner,3000
29.98,adoption,3000
29.98,apparent,3000
29.97,divorce,3000
29.95,solar,3000
29.92,parallel,3000
29.89,kit,3000
29.87,commerce,3000
29.87,iron,3000
29.87,wisdom,3000
29.85,williams,3000
29.84,constantly,3000
29.84,superior,3000
29.83,wheel,3000
29.82,pollution,3000
29.81,contest,3000
29.79,dan,3000
29.78,heritage,3000
29.75,mirror,3000
29.74,joy,3000
29.67,vietnam,3000
29.66,kingbolt,3000
29.6,immigrant,3000
29.58,xml,3000
29.55,zealand,3000
29.54,abroad,3000
29.54,bug,3000
29.52,railway,3000
29.5,opponent,3000
29.43,outstanding,3000
29.43,yellow,3000
29.41,adventure,3000
29.35,howard,3000
29.35,productivity,3000
29.34,trace,3000
29.33,nov,3000
29.33,tiny,3000
29.3,doctrine,3000
29.29,consciousness,3000
29.25,naturally,3000
29.24,avenue,3000
29.22,dedicate,3000
29.2,distinguish,3000
29.19,measured,3000
29.17,exciting,3000
29.17,survival,3000
29.15,similarly,3000
29.13,breast,3000
29.13,visible,3000
29.12,apartment,3000
29.09,acquisition,3000
29.04,replacement,3000
29.04,tissue,3000
29.02,tooth,3000
29.01,bias,3000
29.01,exact,3000
29.01,operational,3000
29.01,potentially,3000
29,workplace,3000
28.95,football,3000
28.93,constitutional,3000
28.92,possess,3000
28.91,ny,3000
28.88,afghanistan,3000
28.85,organizational,3000
28.84,render,3000
28.83,hero,3000
28.82,nevertheless,3000
28.81,historic,3000
28.81,monitoring,3000
28.79,k,3000
28.78,scholarship,3000
28.77,hat,3000
28.77,immigration,3000
28.73,tone,3000
28.72,graphic,3000
28.71,violate,3000
28.65,devote,3000
28.64,strip,3000
28.63,collapse,3000
28.6,reliable,3000
28.59,empire,3000
28.59,musical,3000
28.58,stability,3000
28.56,chip,3000
28.56,presidential,3000
28.55,adjustment,3000
28.54,salt,3000
28.53,bottle,3000
28.5,fault,3000
28.5,indicator,3000
28.5,parameter,3000
28.48,collaboration,3000
28.47,initially,3000
28.45,silver,3000
28.43,flexible,3000
28.43,latin,3000
28.41,disappear,3000
28.41,diverse,3000
28.39,battery,3000
28.37,stephen,3000
28.37,transmission,3000
28.31,italy,3000
28.26,initiate,3000
28.26,premium,3000
28.26,respondent,3000
28.22,profession,3000
28.19,pump,3000
28.18,drawing,3000
28.17,mystery,3000
28.16,donation,3000
28.16,rarely,3000
28.11,contrary,3000
28.11,deputy,3000
28.11,portfolio,3000
28.09,shut,3000
28.05,clothing,3000
28.04,forecast,3000
28.04,thin,3000
28.03,craft,3000
28,impression,3000
28,visa,3000
27.99,integrated,3000
27.98,radical,3000
27.95,sugar,3000
27.94,besides,3000
27.94,maker,3000
27.91,shake,3000
27.9,statute,3000
27.9,surely,3000
27.89,counter,3000
27.89,honest,3000
27.88,ip,3000
27.88,ought,3000
27.87,mutual,3000
27.84,trigger,3000
27.83,expenditure,3000
27.83,insert,3000
27.79,enforce,3000
27.79,vessel,3000
27.77,carrier,3000
27.76,chamber,3000
27.76,donor,3000
27.74,pocket,3000
27.73,gear,3000
27.73,legislative,3000
27.72,rent,3000
27.71,golden,3000
27.71,technological,3000
27.7,declaration,3000
27.68,tech,3000
27.67,th,3000
27.67,voting,3000
27.66,announcement,3000
27.66,complexity,3000
27.66,golf,3000
27.64,spell,3000
27.63,daniel,3000
27.63,navy,3000
27.61,segment,3000
27.59,poem,3000
27.58,withdraw,3000
27.57,practitioner,3000
27.55,ethnic,3000
27.54,abandon,3000
27.53,flood,3000
27.52,wash,3000
27.51,deeply,3000
27.5,michigan,3000
27.49,neighbor,3000
27.48,dealer,3000
27.44,testimony,3000
27.43,clinic,3000
27.43,overseas,3000
27.42,found,3000
27.41,aids,3000
27.37,audit,3000
27.35,demonstration,3000
27.34,wilson,3000
27.33,childhood,3000
27.31,somebody,3000
27.3,comfort,3000
27.3,electrical,3000
27.3,nursing,3000
27.29,amend,3000
27.25,qualification,3000
27.24,compromise,3000
27.24,fixed,3000
27.2,determination,3000
27.2,password,3000
27.16,url,3000
27.12,distinction,3000
27.09,exit,3000
27.08,oral,3000
27.06,sciences,3000
27.04,margin,3000
27.04,notify,3000
27.02,italian,3000
27,enormous,3000
26.99,rice,3000
26.99,uniform,3000
26.98,substitute,3000
26.96,everywhere,3000
26.95,sustain,3000
26.94,commander,3000
26.94,exhibition,3000
26.93,arab,3000
26.93,delete,3000
26.93,gate,3000
26.92,innovative,3000
26.92,so-called,3000
26.83,flexibility,3000
26.82,acceptance,3000
26.81,brian,3000
26.8,activist,3000
26.76,dad,3000
26.76,unusual,3000
26.75,deficit,3000
26.75,furthermore,3000
26.75,ibm,3000
26.74,concrete,3000
26.73,dose,3000
26.71,meanwhile,3000
26.7,harvard,3000
26.69,hiv,3000
26.68,deadline,3000
26.66,intelligent,3000
26.65,giant,3000
26.6,blogs,3000
26.6,toy,3000
26.59,tale,3000
26.58,anonymous,3000
26.52,tower,3000
26.51,subscribe,3000
26.5,ceo,3000
26.5,unemployment,3000
26.46,sad,3000
26.45,crack,3000
26.42,swing,3000
26.38,interior,3000
26.37,supporter,3000
26.34,tim,3000
26.32,sue,3000
26.28,cancel,3000
26.25,abortion,3000
26.22,teen,3000
26.2,tony,3000
26.19,raw,3000
26.19,reputation,3000
26.18,accuracy,3000
26.18,fitness,3000
26.18,infant,3000
26.17,excess,3000
26.15,embrace,3000
26.14,consulting,3000
26.12,biology,3000
26.12,observer,3000
26.1,certification,3000
26.1,hey,3000
26.08,myth,3000
26.08,statistical,3000
26.07,miller,3000
26.07,suite,3000
26.05,accommodation,3000
26.05,stupid,3000
26.05,unlikely,3000
26.01,carbon,3000
26.01,structural,3000
25.99,fifth,3000
25.99,inventory,3000
25.98,clock,3000
25.98,commentary,3000
25.98,moderate,3000
25.96,luck,3000
25.95,perfectly,3000
25.93,georgia,3000
25.93,violent,3000
25.92,angle,3000
25.92,sacrifice,3000
25.92,terror,3000
25.91,islamic,3000
25.89,forever,3000
25.88,relax,3000
25.87,completion,3000
25.86,children,3000
25.86,ill,3000
25.83,voluntary,3000
25.82,dean,3000
25.82,rescue,3000
25.81,functional,3000
25.81,sharp,3000
25.78,bid,3000
25.78,spouse,3000
25.75,captain,3000
25.75,grace,3000
25.75,pennsylvania,3000
25.75,pray,3000
25.74,computing,3000
25.74,regulate,3000
25.74,regulative,3000
25.71,ease,3000
25.69,comply,3000
25.68,sep,3000
25.67,institutional,3000
25.65,passenger,3000
25.64,dramatic,3000
25.64,iv,3000
25.59,discharge,3000
25.59,poster,3000
25.58,characterize,3000
25.58,transformation,3000
25.56,everyday,3000
25.55,cloud,3000
25.55,ray,3000
25.52,comprise,3000
25.52,illinois,3000
25.52,split,4000
25.51,disagree,4000
25.51,shadow,4000
25.49,joke,4000
25.48,diagnosis,4000
25.47,jackson,4000
25.47,significance,4000
25.47,wise,4000
25.46,mon,4000
25.46,slip,4000
25.45,liquid,4000
25.44,alan,4000
25.39,prompt,4000
25.38,jersey,4000
25.38,weigh,4000
25.36,torture,4000
25.35,fox,4000
25.32,trick,4000
25.31,bet,4000
25.29,ma,4000
25.26,products,4000
25.23,wedding,4000
25.22,passion,4000
25.2,administer,4000
25.15,reporting,4000
25.13,junior,4000
25.1,compound,4000
25.08,praise,4000
25.07,charter,4000
25.05,improved,4000
25.05,massachusetts,4000
25.04,standards,4000
25.03,recipient,4000
25.03,wildlife,4000
25.01,anger,4000
25.01,cluster,4000
25,premiss,4000
24.99,lane,4000
24.98,worship,4000
24.97,suicide,4000
24.96,reflectance,4000
24.96,relations,4000
24.96,trademark,4000
24.94,recruit,4000
24.89,dominate,4000
24.88,occupy,4000
24.82,cure,4000
24.8,container,4000
24.79,neck,4000
24.75,residential,4000
24.73,banking,4000
24.71,nutrition,4000
24.69,curve,4000
24.67,fig,4000
24.67,heavily,4000
24.66,wed,4000
24.64,experimental,4000
24.64,newly,4000
24.63,grey,4000
24.63,resort,4000
24.62,minimize,4000
24.62,orange,4000
24.62,vegetable,4000
24.61,affiliate,4000
24.59,shell,4000
24.58,ethical,4000
24.55,seller,4000
24.54,shelter,4000
24.54,usage,4000
24.52,mandate,4000
24.51,removal,4000
24.5,excuse,4000
24.5,tension,4000
24.46,super,4000
24.46,warranty,4000
24.45,edward,4000
24.45,smoking,4000
24.41,exclusive,4000
24.41,greek,4000
24.41,toronto,4000
24.4,intent,4000
24.39,configuration,4000
24.39,desktop,4000
24.37,array,4000
24.36,chat,4000
24.36,undergraduate,4000
24.35,fraud,4000
24.34,faster,4000
24.33,consensus,4000
24.32,fishing,4000
24.32,lifestyle,4000
24.31,browse,4000
24.31,elementary,4000
24.29,adam,4000
24.29,desert,4000
24.29,fluid,4000
24.26,breed,4000
24.25,remarque,4000
24.24,santa,4000
24.21,democrat,4000
24.18,clip,4000
24.18,davis,4000
24.18,seattle,4000
24.12,illustration,4000
24.11,communications,4000
24.1,ann,4000
24.1,transmit,4000
24.08,pakistan,4000
24.08,precisely,4000
24.07,louis,4000
24.06,extract,4000
24.06,literary,4000
24.05,hazard,4000
24.04,kevin,4000
24.04,lease,4000
24.02,prince,4000
23.99,continuous,4000
23.98,crazy,4000
23.97,literally,4000
23.96,cope,4000
23.95,glad,4000
23.93,residence,4000
23.91,bike,4000
23.91,tall,4000
23.91,veteran,4000
23.88,birthday,4000
23.88,icon,4000
23.88,particle,4000
23.87,mayor,4000
23.86,classification,4000
23.85,assault,4000
23.85,possession,4000
23.83,disclosure,4000
23.82,recipe,4000
23.81,occasionally,4000
23.8,logical,4000
23.8,progressive,4000
23.8,specialize,4000
23.8,verify,4000
23.76,poetry,4000
23.75,breakfast,4000
23.75,earnings,4000
23.74,healthcare,4000
23.71,saint,4000
23.69,colorado,4000
23.69,spain,4000
23.67,organ,4000
23.66,integrity,4000
23.66,md,4000
23.65,confuse,4000
23.65,narrative,4000
23.64,angel,4000
23.63,distinct,4000
23.63,weakness,4000
23.61,don,4000
23.6,sanction,4000
23.58,prise,4000
23.54,appendix,4000
23.54,attractive,4000
23.54,frequent,4000
23.53,till,4000
23.5,slave,4000
23.49,aug,4000
23.49,legitimate,4000
23.48,furniture,4000
23.48,tonight,4000
23.47,boss,4000
23.47,comic,4000
23.47,palestinian,4000
23.46,creature,4000
23.45,eric,4000
23.43,angry,4000
23.43,guilty,4000
23.43,israeli,4000
23.43,moore,4000
23.42,correctly,4000
23.41,el,4000
23.41,subscription,4000
23.4,composition,4000
23.39,smooth,4000
23.38,radiation,4000
23.35,3rd,4000
23.35,chronic,4000
23.35,drag,4000
23.35,islam,4000
23.33,automatic,4000
23.31,founder,4000
23.26,bother,4000
23.26,hi,4000
23.26,seal,4000
23.22,crown,4000
23.22,gross,4000
23.21,deem,4000
23.21,fri,4000
23.21,motivate,4000
23.21,websites,4000
23.16,concert,4000
23.16,offering,4000
23.16,probability,4000
23.15,confront,4000
23.14,acre,4000
23.14,grab,4000
23.13,mainstream,4000
23.11,processor,4000
23.11,rail,4000
23.09,diabetes,4000
23.09,inflation,4000
23.09,mere,4000
23.08,cia,4000
23.07,competitor,4000
23.07,invention,4000
23.05,isbn,4000
23.05,satisfaction,4000
23.05,tendency,4000
23.04,auto,4000
23.03,20th,4000
23.03,criticize,4000
23.01,vacation,4000
23,conversion,4000
22.97,physics,4000
22.94,memorial,4000
22.94,owe,4000
22.92,democrats,4000
22.92,mechanical,4000
22.91,dna,4000
22.91,tight,4000
22.89,organism,4000
22.88,programmer,4000
22.86,versus,4000
22.85,rental,4000
22.83,cooperative,4000
22.83,exploit,4000
22.81,resist,4000
22.78,spin,4000
22.78,wrap,4000
22.77,rape,4000
22.76,anxiety,4000
22.75,orientation,4000
22.74,thereby,4000
22.73,fort,4000
22.71,actively,4000
22.71,headline,4000
22.68,lifetime,4000
22.68,ton,4000
22.62,gradually,4000
22.6,educator,4000
22.6,modification,4000
22.58,query,4000
22.57,calculation,4000
22.57,donate,4000
22.53,boost,4000
22.53,communist,4000
22.52,continued,4000
22.52,nearby,4000
22.52,simulation,4000
22.51,compose,4000
22.51,dust,4000
22.51,poker,4000
22.5,anticipate,4000
22.49,bedroom,4000
22.49,hunt,4000
22.48,hopefully,4000
22.47,fda,4000
22.47,lung,4000
22.45,exploration,4000
22.44,placement,4000
22.44,shortly,4000
22.44,signature,4000
22.43,matt,4000
22.42,privilege,4000
22.41,remarkable,4000
22.38,gulf,4000
22.38,married,4000
22.38,prescription,4000
22.38,silence,4000
22.34,confusion,4000
22.33,motivation,4000
22.32,equality,4000
22.32,korean,4000
22.3,cognitive,4000
22.29,beer,4000
22.27,ceremony,4000
22.27,methodology,4000
22.27,warrant,4000
22.25,os,4000
22.25,stroke,4000
22.24,healing,4000
22.22,bonus,4000
22.22,dig,4000
22.22,receipt,4000
22.21,dismiss,4000
22.21,est,4000
22.2,compile,4000
22.19,chicken,4000
22.16,economist,4000
22.15,indication,4000
22.12,holder,4000
22.11,deploy,4000
22.1,correction,4000
22.09,petition,4000
22.08,breath,4000
22.08,productive,4000
22.05,instant,4000
22.05,interact,4000
22.05,pa,4000
22.02,harry,4000
22.01,loose,4000
21.99,defendant,4000
21.99,habitat,4000
21.99,jane,4000
21.97,elizabeth,4000
21.97,uncertainty,4000
21.94,retire,4000
21.92,fantasy,4000
21.92,ingredient,4000
21.92,semester,4000
21.91,intense,4000
21.9,widespread,4000
21.89,corps,4000
21.88,merit,4000
21.86,sam,4000
21.83,anybody,4000
21.83,blair,4000
21.82,disabled,4000
21.82,simon,4000
21.81,font,4000
21.77,bunch,4000
21.77,consume,4000
21.77,reinforce,4000
21.76,refugee,4000
21.76,sand,4000
21.76,tactic,4000
21.75,twelve,4000
21.74,congressional,4000
21.74,directive,4000
21.74,lens,4000
21.73,duration,4000
21.73,equation,4000
21.73,extended,4000
21.71,games,4000
21.7,atlantic,4000
21.7,jeff,4000
21.67,fuck,4000
21.67,syndrome,4000
21.65,roof,4000
21.64,paperback,4000
21.64,pour,4000
21.63,investigator,4000
21.63,on-line,4000
21.63,tue,4000
21.62,underlying,4000
21.61,judicial,4000
21.61,partly,4000
21.6,vaccine,4000
21.58,kennedy,4000
21.58,pot,4000
21.56,coordinator,4000
21.55,sole,4000
21.54,ontario,4000
21.54,ruling,4000
21.52,remaining,4000
21.5,disclose,4000
21.47,full-time,4000
21.45,pride,4000
21.45,reservation,4000
21.41,thirty,4000
21.4,cabinet,4000
21.4,holding,4000
21.39,constraint,4000
21.39,racial,4000
21.38,dictionary,4000
21.36,summit,4000
21.35,drama,4000
21.34,printing,4000
21.34,turkey,4000
21.33,impress,4000
21.33,theoretical,4000
21.33,thu,4000
21.32,lewis,4000
21.32,react,4000
21.31,remedy,4000
21.3,bath,4000
21.3,delegate,4000
21.3,geographical,4000
21.29,bin,4000
21.28,teachers,4000
21.27,suffering,4000
21.26,arrival,4000
21.24,separation,4000
21.23,destination,4000
21.23,punishment,4000
21.23,reproduce,4000
21.22,assert,4000
21.22,fibre,4000
21.2,anymore,4000
21.2,enroll,4000
21.2,headquarters,4000
21.2,roughly,4000
21.18,baseball,4000
21.18,pitch,4000
21.18,unite,4000
21.17,commodity,4000
21.15,belt,4000
21.15,necessity,4000
21.15,tourist,4000
21.13,entrance,4000
21.12,coal,4000
21.11,civilization,4000
21.11,hon,4000
21.11,jul,4000
21.11,lucky,4000
21.1,alien,4000
21.08,keyboard,4000
21.06,meaningful,4000
21.05,strict,4000
21.03,guardian,4000
21.03,thick,4000
21,chemistry,4000
20.97,strain,4000
20.96,graph,4000
20.95,federation,4000
20.93,bruce,4000
20.93,smell,4000
20.92,grain,4000
20.91,pst,4000
20.91,tackle,4000
20.88,boot,4000
20.88,execution,4000
20.87,clark,4000
20.85,ethic,4000
20.85,loud,4000
20.85,oregon,4000
20.85,susan,4000
20.84,bless,4000
20.81,bowl,4000
20.81,chest,4000
20.81,confident,4000
20.79,invasion,4000
20.78,bread,4000
20.76,mathematical,4000
20.76,vitamin,4000
20.74,preferred,4000
20.74,summarize,4000
20.73,supervisor,4000
20.71,algorithm,4000
20.7,terrible,4000
20.7,yours,4000
20.69,pregnant,4000
20.69,sophisticated,4000
20.68,hollywood,4000
20.68,its,4000
20.68,publicly,4000
20.65,experienced,4000
20.62,genuine,4000
20.6,1990s,4000
20.59,drinking,4000
20.58,undergo,4000
20.57,nerve,4000
20.57,tired,4000
20.55,bulletin,4000
20.55,classical,4000
20.53,disc,4000
20.5,rear,4000
20.5,taylor,4000
20.49,revision,4000
20.48,bury,4000
20.48,template,4000
20.47,patrick,4000
20.45,hint,4000
20.45,learner,4000
20.44,scout,4000
20.43,4th,4000
20.43,aggressive,4000
20.43,coordination,4000
20.42,stake,4000
20.38,ah,4000
20.36,champion,4000
20.36,nasa,4000
20.36,subscriber,4000
20.34,consistently,4000
20.33,citation,4000
20.32,21st,4000
20.32,globe,4000
20.32,grass,4000
20.32,monetary,4000
20.31,architect,4000
20.31,temple,4000
20.29,nose,4000
20.29,vulnerable,4000
20.27,lawsuit,4000
20.27,loop,4000
20.26,slight,4000
20.26,yahoo,4000
20.25,conviction,4000
20.23,sink,4000
20.22,stimulate,4000
20.2,registered,4000
20.2,whilst,4000
20.18,twin,4000
20.17,blogging,4000
20.17,victoria,4000
20.16,tail,4000
20.14,pen,4000
20.12,clarify,4000
20.12,lean,4000
20.11,ben,4000
20.11,mature,4000
20.1,mill,4000
20.09,ford,4000
20.03,alexander,4000
20.01,kansas,4000
20,tap,4000
19.95,pricing,4000
19.93,historian,4000
19.93,musician,4000
19.91,brilliant,4000
19.91,impressive,4000
19.91,unity,4000
19.9,informal,4000
19.89,accommodate,4000
19.86,priest,4000
19.85,absorb,4000
19.85,pioneer,4000
19.83,physically,4000
19.83,venue,4000
19.81,printer,4000
19.8,athlete,4000
19.8,happiness,4000
19.8,mood,4000
19.8,shirt,4000
19.79,oxygen,4000
19.77,journalism,4000
19.77,wet,4000
19.75,extraordinary,4000
19.74,reasonably,4000
19.72,divine,4000
19.72,favour,4000
19.7,innocent,4000
19.69,hypothesis,4000
19.68,prediction,4000
19.66,co,4000
19.66,jury,4000
19.65,knock,4000
19.64,solely,4000
19.63,en,4000
19.63,viewer,4000
19.61,gary,4000
19.61,imagination,4000
19.58,embed,4000
19.57,cow,4000
19.56,legislature,4000
19.55,barbara,4000
19.55,upset,4000
19.52,layout,4000
19.52,saudi,4000
19.5,guitar,4000
19.48,tremendous,4000
19.47,equip,4000
19.47,mad,4000
19.47,virtue,4000
19.46,1980s,4000
19.46,allowance,4000
19.46,readily,4000
19.45,quit,4000
19.43,alarm,4000
19.43,allen,4000
19.43,partial,4000
19.4,adverse,4000
19.4,fantastic,4000
19.4,speciality,4000
19.39,fool,4000
19.37,elderly,4000
19.37,realistic,4000
19.36,i'm,4000
19.31,marshall,4000
19.3,arizona,4000
19.3,jail,4000
19.29,kim,4000
19.27,decent,4000
19.26,attendance,4000
19.25,crystal,4000
19.23,controversy,4000
19.22,revolutionary,4000
19.21,hook,4000
19.19,convey,4000
19.18,pipe,4000
19.15,invent,4000
19.14,incredible,4000
19.13,damn,4000
19.11,rob,4000
19.09,anne,4000
19.09,licensing,4000
19.09,outlook,4000
19.07,interval,4000
19.05,dutch,4000
19.04,19th,4000
19.04,tourism,4000
19.02,barrel,4000
19.02,sudden,4000
19.01,epa,4000
19.01,licensee,4000
19,minimal,4000
18.96,advertisement,4000
18.94,artificial,4000
18.93,fighter,4000
18.93,ken,4000
18.92,silent,4000
18.91,elite,4000
18.91,le,4000
18.91,scare,4000
18.91,sec,4000
18.89,essence,4000
18.89,scream,4000
18.88,coastal,4000
18.87,respectively,4000
18.87,undermine,4000
18.85,literacy,4000
18.85,upcoming,4000
18.84,celebration,4000
18.84,importantly,4000
18.82,merchant,4000
18.82,prominent,4000
18.82,spare,4000
18.81,anderson,4000
18.81,calm,4000
18.81,preliminary,4000
18.78,allocate,4000
18.78,preservation,4000
18.77,anniversary,4000
18.77,vertical,4000
18.76,ai,4000
18.76,chase,4000
18.76,palm,4000
18.75,terminal,4000
18.74,substantially,4000
18.73,accountability,4000
18.73,folder,4000
18.73,gordon,4000
18.73,mailing,4000
18.73,suspend,4000
18.72,differently,4000
18.71,minnesota,4000
18.7,baghdad,4000
18.7,tutorial,4000
18.67,offensive,4000
18.67,spectrum,4000
18.65,dump,4000
18.63,fortune,4000
18.62,maximize,4000
18.62,mess,4000
18.62,survivor,4000
18.61,gospel,4000
18.59,afterward,4000
18.59,census,4000
18.59,publishers,4000
18.57,fbi,4000
18.57,mineral,4000
18.56,license,4000
18.55,attachment,4000
18.54,dramatically,4000
18.54,endorse,4000
18.54,knee,4000
18.53,alternate,4000
18.53,timing,4000
18.51,prescribe,4000
18.5,nervous,4000
18.5,surprising,4000
18.49,cease,4000
18.48,conscious,4000
18.48,premier,4000
18.45,treasury,4000
18.43,corresponding,4000
18.42,financing,4000
18.4,navigation,4000
18.39,bishop,4000
18.39,legacy,4000
18.38,thesis,4000
18.37,arthur,4000
18.37,float,4000
18.36,identical,4000
18.35,kiss,4000
18.35,soap,4000
18.34,rally,4000
18.33,borrow,4000
18.32,cruise,4000
18.3,login,4000
18.29,reprint,4000
18.28,mining,4000
18.27,breach,4000
18.27,freely,4000
18.26,assemble,4000
18.24,logo,4000
18.23,rules,4000
18.2,broken,4000
18.19,diagnose,4000
18.19,medicare,4000
18.19,ranking,4000
18.19,ward,4000
18.18,electronics,4000
18.18,pharmaceutical,4000
18.17,castle,4000
18.17,delight,4000
18.17,sports,4000
18.16,hunter,4000
18.16,mixed,4000
18.16,pages,4000
18.16,respective,4000
18.15,taiwan,4000
18.14,ghost,4000
18.13,cookie,4000
18.13,peaceful,4000
18.13,prophet,4000
18.11,qualified,4000
18.11,stare,4000
18.1,commonwealth,4000
18.1,rough,4000
18.09,advertise,4000
18.09,isolate,4000
18.09,schools,4000
18.08,dick,4000
18.08,follow-up,4000
18.08,horror,4000
18.05,pin,4000
18.03,killer,4000
18.02,rational,4000
18.01,christianity,4000
18.01,immune,4000
18.01,kong,4000
18.01,rid,4000
18,bite,4000
18,node,4000
18,philadelphia,4000
17.99,loving,4000
17.98,clue,4000
17.97,briefly,4000
17.97,humor,4000
17.96,accordingly,4000
17.95,dirty,4000
17.95,excellence,4000
17.95,verse,4000
17.91,cart,4000
17.91,hip,4000
17.91,intensity,4000
17.91,shareholder,4000
17.9,larry,4000
17.9,pat,4000
17.9,sales,4000
17.89,consequently,4000
17.88,austin,4000
17.88,fate,4000
17.87,grave,4000
17.86,friendship,4000
17.86,inspector,4000
17.86,retailer,4000
17.85,defect,4000
17.85,enrolment,4000
17.85,pentagon,4000
17.84,migration,4000
17.84,shelf,4000
17.83,rehabilitation,4000
17.8,manuscript,4000
17.8,terminate,4000
17.79,annually,4000
17.78,obstacle,4000
17.78,statutory,4000
17.76,excessive,4000
17.76,precise,4000
17.76,subsequently,4000
17.73,lover,4000
17.72,classify,4000
17.71,singer,4000
17.7,evident,4000
17.68,corruption,4000
17.68,thoroughly,4000
17.67,auction,4000
17.67,dynamics,4000
17.65,creator,4000
17.65,diagram,4000
17.65,exemption,4000
17.65,seize,4000
17.64,fifty,4000
17.64,hidden,4000
17.64,intensive,4000
17.63,lip,4000
17.62,reduced,4000
17.6,handbook,4000
17.6,harvest,4000
17.6,sake,4000
17.59,fossil,4000
17.59,lobby,4000
17.58,pledge,4000
17.58,repeatedly,4000
17.57,echo,4000
17.56,downtown,4000
17.56,socialist,4000
17.55,deck,4000
17.55,screening,4000
17.54,deployment,4000
17.53,beneficial,4000
17.52,taxpayer,4000
17.51,nick,4000
17.48,fascinating,4000
17.48,gentleman,4000
17.47,simultaneously,4000
17.46,na,4000
17.46,plug,4000
17.45,briefing,4000
17.45,companion,4000
17.45,handling,4000
17.45,matthew,4000
17.42,complicated,4000
17.42,lodge,4000
17.42,shower,4000
17.41,egypt,4000
17.41,norm,4000
17.41,twist,4000
17.38,records,4000
17.35,explorer,4000
17.35,induce,4000
17.35,muslims,4000
17.34,hong,4000
17.33,creativity,4000
17.33,objection,4000
17.33,rome,4000
17.32,jews,4000
17.32,tribe,4000
17.31,flaw,4000
17.31,rss,4000
17.3,dish,4000
17.29,drill,4000
17.29,km,4000
17.29,tournament,4000
17.26,maryland,4000
17.26,tobacco,4000
17.25,lovely,4000
17.23,sydney,4000
17.22,naval,4000
17.21,exclusively,4000
17.2,courage,4000
17.2,excite,4000
17.2,safeguard,4000
17.17,heal,4000
17.17,il,4000
17.17,servant,4000
17.15,pursuit,4000
17.15,steam,4000
17.15,workforce,4000
17.14,interfere,4000
17.12,intel,4000
17.12,occupational,4000
17.11,coin,4000
17.11,curious,4000
17.11,diego,4000
17.11,humanitarian,4000
17.11,legend,4000
17.11,projection,4000
17.1,density,4000
17.09,stomach,4000
17.08,philosophical,4000
17.07,selected,4000
17.06,barely,4000
17.06,stamp,4000
17.06,timely,4000
17.05,collaborative,4000
17.05,that's,4000
17.04,robot,4000
17.03,creek,4000
17.03,underground,4000
17.01,sarah,4000
16.98,cream,4000
16.98,disposal,4000
16.98,dot,4000
16.96,bombing,4000
16.96,recruitment,4000
16.95,alex,4000
16.95,edinburgh,4000
16.95,inevitable,4000
16.95,subsidy,4000
16.94,rat,4000
16.94,shore,4000
16.93,combined,4000
16.93,compelling,4000
16.93,im,4000
16.93,operations,4000
16.93,steady,4000
16.92,controversial,4000
16.92,dominant,4000
16.92,optional,4000
16.92,tribunal,4000
16.91,convenient,4000
16.9,ian,4000
16.9,short-term,4000
16.9,stranger,4000
16.89,behave,4000
16.89,detection,4000
16.87,breathe,4000
16.87,des,4000
16.85,neglect,4000
16.84,nato,4000
16.83,injure,4000
16.83,outdoor,4000
16.82,toxic,4000
16.81,legally,4000
16.81,roger,4000
16.8,header,4000
16.78,diamond,4000
16.78,hunting,4000
16.78,lawrence,4000
16.78,petroleum,4000
16.78,stat,4000
16.77,engagement,4000
16.77,mm,4000
16.76,therapist,4000
16.74,badly,4000
16.74,trustee,4000
16.72,portable,4000
16.72,refund,4000
16.71,acute,4000
16.71,fleet,4000
16.66,grasp,4000
16.66,networking,4000
16.65,spam,4000
16.64,jean,4000
16.64,surveillance,4000
16.63,shade,4000
16.62,grid,4000
16.62,sacred,4000
16.61,darwin,4000
16.6,poet,4000
16.6,shortage,4000
16.6,tab,4000
16.58,ruin,4000
16.58,suck,4000
16.57,balanced,4000
16.56,bathroom,4000
16.55,documentary,4000
16.55,dont,4000
16.55,fellowship,4000
16.55,pad,4000
16.55,shame,4000
16.54,parliamentary,4000
16.52,allocation,4000
16.51,ap,4000
16.51,brazil,4000
16.5,genre,4000
16.5,probe,4000
16.5,wto,4000
16.48,strive,4000
16.46,closed,4000
16.46,likewise,4000
16.46,persuade,4000
16.46,profound,4000
16.46,textbook,4000
16.45,bulk,4000
16.45,static,4000
16.44,painful,4000
16.44,tragedy,4000
16.42,namely,4000
16.42,walker,4000
16.41,contributor,4000
16.41,supervision,4000
16.4,certified,4000
16.4,colony,4000
16.4,formerly,4000
16.38,harris,4000
16.37,marketplace,4000
16.37,vocabulary,4000
16.37,withdrawal,4000
16.36,governance,4000
16.36,transcript,4000
16.35,outer,4000
16.35,wisconsin,4000
16.34,puzzle,4000
16.32,condemn,4000
16.31,christopher,4000
16.31,cooperate,4000
16.31,leak,4000
16.31,nut,4000
16.3,pretend,4000
16.3,shine,4000
16.28,blend,4000
16.26,brush,4000
16.26,coat,4000
16.25,pope,4000
16.25,quantum,4000
16.23,ballot,4000
16.22,donald,4000
16.21,reasoning,4000
16.2,3d,4000
16.2,notification,4000
16.19,accurately,4000
16.19,unnecessary,4000
16.18,accessibility,4000
16.16,discourse,4000
16.15,jazz,4000
16.14,additionally,4000
16.14,berkeley,4000
16.14,blank,4000
16.14,explicit,4000
16.14,hussein,4000
16.14,tenant,5000
16.13,shield,5000
16.11,assurance,5000
16.11,fabric,5000
16.11,photography,5000
16.11,prospective,5000
16.1,em,5000
16.08,1970s,5000
16.08,ie,5000
16.07,cattle,5000
16.06,functionality,5000
16.06,organizer,5000
16.05,homeland,5000
16.04,discretion,5000
16.02,overlook,5000
16.02,pile,5000
16.01,wealthy,5000
16,pit,5000
15.99,championship,5000
15.99,ecosystem,5000
15.99,hormone,5000
15.99,inspiration,5000
15.99,scripture,5000
15.99,teenager,5000
15.98,atlanta,5000
15.98,litigation,5000
15.98,nest,5000
15.94,generic,5000
15.94,pursuant,5000
15.93,inadequate,5000
15.92,portrait,5000
15.92,skilled,5000
15.91,max,5000
15.91,spray,5000
15.9,desirable,5000
15.9,welsh,5000
15.88,andy,5000
15.88,drain,5000
15.88,pole,5000
15.87,caution,5000
15.87,librarian,5000
15.86,mortality,5000
15.86,noble,5000
15.86,trainer,5000
15.84,animation,5000
15.83,appreciation,5000
15.83,ceiling,5000
15.83,entrepreneur,5000
15.83,nonprofit,5000
15.82,manipulate,5000
15.81,officially,5000
15.81,politically,5000
15.81,va,5000
15.8,airline,5000
15.8,anthony,5000
15.8,bubble,5000
15.8,strictly,5000
15.79,reception,5000
15.79,ross,5000
15.77,affordable,5000
15.77,pan,5000
15.76,capitalism,5000
15.75,clerk,5000
15.75,distant,5000
15.75,fence,5000
15.74,artistic,5000
15.74,hello,5000
15.74,netherlands,5000
15.74,sweep,5000
15.73,wherever,5000
15.71,backup,5000
15.7,warfare,5000
15.69,euro,5000
15.69,weblog,5000
15.67,lighting,5000
15.67,reagan,5000
15.67,restoration,5000
15.66,cape,5000
15.66,monster,5000
15.65,calorie,5000
15.65,works,5000
15.64,accelerate,5000
15.64,memo,5000
15.62,binding,5000
15.61,molecular,5000
15.61,systematic,5000
15.6,douglas,5000
15.6,ideology,5000
15.6,mars,5000
15.59,municipal,5000
15.59,slope,5000
15.59,tongue,5000
15.58,accumulate,5000
15.58,aviation,5000
15.58,meditation,5000
15.58,proposition,5000
15.57,gdp,5000
15.57,glory,5000
15.56,comedy,5000
15.56,reliability,5000
15.56,simplify,5000
15.55,nutrient,5000
15.54,traprock,5000
15.53,quest,5000
15.53,subtle,5000
15.52,burning,5000
15.51,cartoon,5000
15.51,jonathan,5000
15.5,adobe,5000
15.5,convict,5000
15.5,rocket,5000
15.49,ambassador,5000
15.49,steven,5000
15.48,dated,5000
15.48,didn't,5000
15.48,prevail,5000
15.47,dont,5000
15.47,xp,5000
15.45,ron,5000
15.44,bend,5000
15.44,indigenous,5000
15.43,added,5000
15.43,corn,5000
15.43,linda,5000
15.42,jason,5000
15.42,russell,5000
15.41,bacterium,5000
15.41,lincoln,5000
15.4,psychologist,5000
15.4,specialized,5000
15.39,houston,5000
15.39,pub,5000
15.38,fifteen,5000
15.38,forbid,5000
15.38,incur,5000
15.38,leap,5000
15.37,span,5000
15.36,fold,5000
15.35,reed,5000
15.33,broker,5000
15.33,freeze,5000
15.33,gathering,5000
15.33,pipeline,5000
15.32,attain,5000
15.32,distributor,5000
15.32,margaret,5000
15.32,vancouver,5000
15.31,allegation,5000
15.31,greg,5000
15.28,mp3,5000
15.28,sixth,5000
15.27,sensor,5000
15.26,cinema,5000
15.26,insect,5000
15.24,associated,5000
15.24,registry,5000
15.24,ritual,5000
15.24,shout,5000
15.23,beef,5000
15.23,comparable,5000
15.23,its,5000
15.22,nonetheless,5000
15.22,spite,5000
15.21,bass,5000
15.21,mixture,5000
15.21,singapore,5000
15.2,safely,5000
15.18,correspondence,5000
15.17,dawn,5000
15.17,fraction,5000
15.17,intermediate,5000
15.17,rebuild,5000
15.16,flame,5000
15.16,pr,5000
15.15,conjunction,5000
15.15,exempt,5000
15.15,kelly,5000
15.15,mandatory,5000
15.15,mechanic,5000
15.15,reproduction,5000
15.15,retreat,5000
15.14,spotlight,5000
15.13,#1,5000
15.13,philosopher,5000
15.13,screw,5000
15.12,counsellor,5000
15.12,doc,5000
15.12,licensed,5000
15.11,confine,5000
15.11,css,5000
15.11,provincial,5000
15.1,continent,5000
15.1,indonesia,5000
15.09,departure,5000
15.09,depict,5000
15.09,indians,5000
15.08,convenience,5000
15.07,iowa,5000
15.06,alleged,5000
15.06,credibleness,5000
15.06,transit,5000
15.05,attraction,5000
15.05,diary,5000
15.05,inclusion,5000
15.04,occasional,5000
15.02,neutral,5000
15.02,punish,5000
15.02,quarterly,5000
15.02,tolerance,5000
15.01,atom,5000
15.01,laser,5000
15.01,originate,5000
14.99,enact,5000
14.99,planned,5000
14.99,scratch,5000
14.99,wow,5000
14.98,blast,5000
14.98,phil,5000
14.97,grammar,5000
14.97,pink,5000
14.97,rival,5000
14.97,ryan,5000
14.96,5th,5000
14.96,landing,5000
14.96,mercury,5000
14.96,skip,5000
14.95,relieve,5000
14.94,evolutionary,5000
14.93,geography,5000
14.92,honour,5000
14.92,non,5000
14.91,revelation,5000
14.9,advocacy,5000
14.9,karen,5000
14.89,adams,5000
14.89,sphere,5000
14.88,intake,5000
14.88,rebel,5000
14.87,mrs,5000
14.87,plaintiff,5000
14.87,traditionally,5000
14.86,min,5000
14.86,width,5000
14.85,cheney,5000
14.85,explicitly,5000
14.84,drum,5000
14.84,surplus,5000
14.83,bloggers,5000
14.83,confidential,5000
14.83,outlet,5000
14.83,philip,5000
14.81,republicans,5000
14.81,sensitivity,5000
14.8,alike,5000
14.8,graham,5000
14.8,interim,5000
14.8,recreation,5000
14.8,separately,5000
14.79,considerably,5000
14.79,indiana,5000
14.78,berlin,5000
14.78,explosion,5000
14.77,adolescent,5000
14.75,amazon,5000
14.75,darkness,5000
14.73,critique,5000
14.72,bow,5000
14.7,baker,5000
14.7,chronicle,5000
14.7,dental,5000
14.7,piano,5000
14.68,electoral,5000
14.68,ltd,5000
14.68,unfair,5000
14.67,motive,5000
14.67,wound,5000
14.66,con,5000
14.66,ecological,5000
14.66,exhaust,5000
14.65,jay,5000
14.64,formulate,5000
14.64,fred,5000
14.64,unexpected,5000
14.63,alaska,5000
14.63,worthy,5000
14.62,coming,5000
14.62,opera,5000
14.61,behavioral,5000
14.58,cult,5000
14.58,missouri,5000
14.58,offender,5000
14.57,chocolate,5000
14.56,enthusiasm,5000
14.56,liable,5000
14.56,unix,5000
14.55,shit,5000
14.54,instruct,5000
14.53,cotton,5000
14.53,part-time,5000
14.53,realm,5000
14.52,beneath,5000
14.52,demographic,5000
14.52,pastor,5000
14.52,prosecution,5000
14.52,testament,5000
14.51,canal,5000
14.51,vocal,5000
14.49,activate,5000
14.49,nationwide,5000
14.49,tennessee,5000
14.48,prize,5000
14.47,diminish,5000
14.45,comments,5000
14.43,vulnerability,5000
14.42,matrix,5000
14.42,tuition,5000
14.41,quotation,5000
14.4,chaos,5000
14.4,nelson,5000
14.4,shed,5000
14.4,stewart,5000
14.39,nancy,5000
14.39,panic,5000
14.39,required,5000
14.39,testify,5000
14.39,threshold,5000
14.38,basketball,5000
14.38,eligibility,5000
14.38,portray,5000
14.38,sufficiently,5000
14.37,empower,5000
14.37,protective,5000
14.36,cm,5000
14.36,publications,5000
14.36,sketch,5000
14.36,thorough,5000
14.35,buck,5000
14.35,circulation,5000
14.35,hp,5000
14.35,invitation,5000
14.35,merger,5000
14.34,sweden,5000
14.33,backward,5000
14.32,modest,5000
14.31,phd,5000
14.31,selling,5000
14.3,11th,5000
14.3,gm,5000
14.29,arena,5000
14.29,driving,5000
14.29,mentor,5000
14.28,lend,5000
14.27,northwest,5000
14.27,powell,5000
14.27,purely,5000
14.26,courtesy,5000
14.26,pleasant,5000
14.25,exclusion,5000
14.25,gravity,5000
14.25,medieval,5000
14.25,merge,5000
14.25,surgeon,5000
14.24,overwhelming,5000
14.24,poorly,5000
14.24,referral,5000
14.23,footnote,5000
14.23,reside,5000
14.22,decision-making,5000
14.22,duke,5000
14.22,silly,5000
14.22,tools,5000
14.22,uncle,5000
14.21,surprisingly,5000
14.2,weird,5000
14.19,ass,5000
14.19,hurricane,5000
14.18,cake,5000
14.18,diagnostic,5000
14.17,dallas,5000
14.17,stanford,5000
14.17,vegas,5000
14.15,manchester,5000
14.14,denial,5000
14.14,hardcover,5000
14.14,laden,5000
14.14,swim,5000
14.13,connecticut,5000
14.13,rick,5000
14.11,bankruptcy,5000
14.11,compatible,5000
14.11,delegation,5000
14.1,jet,5000
14.1,thou,5000
14.1,tyre,5000
14.09,beam,5000
14.09,faq,5000
14.09,inherent,5000
14.09,rep,5000
14.08,cave,5000
14.08,cigarette,5000
14.08,packaging,5000
14.08,toilet,5000
14.07,dare,5000
14.07,laptop,5000
14.06,collector,5000
14.06,renewal,5000
14.06,wolf,5000
14.05,biography,5000
14.05,liver,5000
14.05,pill,5000
14.05,proprietary,5000
14.05,se,5000
14.04,broadcasting,5000
14.04,counseling,5000
14.04,harmful,5000
14.03,capitalist,5000
14.03,magnetic,5000
14.02,boom,5000
14,controller,5000
13.99,marker,5000
13.98,7th,5000
13.98,franklin,5000
13.98,hierarchy,5000
13.98,knife,5000
13.98,molecule,5000
13.98,passive,5000
13.97,harbor,5000
13.97,nail,5000
13.96,carol,5000
13.96,earthquake,5000
13.95,medline,5000
13.95,ridge,5000
13.94,juice,5000
13.94,justification,5000
13.94,walter,5000
13.93,publicity,5000
13.93,void,5000
13.93,weed,5000
13.92,bold,5000
13.92,conception,5000
13.92,slot,5000
13.92,toll,5000
13.91,mt,5000
13.91,theft,5000
13.9,blessing,5000
13.89,glance,5000
13.89,inappropriate,5000
13.89,multimedia,5000
13.89,packet,5000
13.89,portal,5000
13.89,reconstruction,5000
13.88,frustration,5000
13.88,loyalty,5000
13.88,mobility,5000
13.87,instructional,5000
13.87,ipod,5000
13.86,analytic,5000
13.86,closing,5000
13.86,disclaimer,5000
13.86,eve,5000
13.85,hawaii,5000
13.84,aggregate,5000
13.84,resemble,5000
13.83,islands,5000
13.82,mb,5000
13.82,monkey,5000
13.82,von,5000
13.81,making,5000
13.8,linear,5000
13.79,heating,5000
13.79,manifest,5000
13.79,masque,5000
13.79,prejudice,5000
13.78,jerry,5000
13.78,ugly,5000
13.77,cholesterol,5000
13.77,incredibly,5000
13.77,sharing,5000
13.77,warming,5000
13.77,wright,5000
13.76,accomplishment,5000
13.76,exceptional,5000
13.75,sony,5000
13.74,stack,5000
13.74,stakeholder,5000
13.73,nowhere,5000
13.72,monopoly,5000
13.71,correlation,5000
13.7,burst,5000
13.7,flee,5000
13.7,homosexual,5000
13.7,mit,5000
13.69,fishery,5000
13.69,similarity,5000
13.68,potato,5000
13.67,1960s,5000
13.67,barry,5000
13.66,bicycle,5000
13.66,inherit,5000
13.66,miracle,5000
13.65,annoy,5000
13.65,costly,5000
13.65,hydrogen,5000
13.65,lisa,5000
13.65,morris,5000
13.64,casualty,5000
13.64,prerequisite,5000
13.63,willingness,5000
13.62,basket,5000
13.62,boil,5000
13.61,farming,5000
13.61,fortunately,5000
13.6,abc,5000
13.6,disadvantage,5000
13.59,bull,5000
13.59,der,5000
13.59,propaganda,5000
13.56,certify,5000
13.55,continually,5000
13.55,dont,5000
13.55,jordan,5000
13.55,partially,5000
13.54,altogether,5000
13.54,dragon,5000
13.54,gangue,5000
13.54,nomination,5000
13.54,statistics,5000
13.54,tunnel,5000
13.52,cooking,5000
13.51,competent,5000
13.51,dennis,5000
13.51,mild,5000
13.51,renew,5000
13.5,seemingly,5000
13.49,crude,5000
13.48,congregation,5000
13.48,counterpart,5000
13.48,specified,5000
13.47,ethics,5000
13.47,gentle,5000
13.47,independently,5000
13.47,overnight,5000
13.47,popularity,5000
13.46,jon,5000
13.45,generous,5000
13.45,hamilton,5000
13.45,regret,5000
13.44,governmental,5000
13.44,horizontal,5000
13.44,resign,5000
13.43,authorization,5000
13.43,bargaining,5000
13.43,paradigm,5000
13.42,romantic,5000
13.41,firearm,5000
13.41,knight,5000
13.41,leisure,5000
13.41,loaded,5000
13.41,mould,5000
13.41,sites,5000
13.4,renewable,5000
13.4,trait,5000
13.39,elaborate,5000
13.39,grateful,5000
13.39,pause,5000
13.39,technologies,5000
13.39,wa,5000
13.39,wounded,5000
13.38,bibliography,5000
13.38,charitable,5000
13.38,kidney,5000
13.38,throat,5000
13.38,treasure,5000
13.36,photographer,5000
13.35,awesome,5000
13.35,coaching,5000
13.35,conceive,5000
13.35,conspiracy,5000
13.35,surrender,5000
13.35,thompson,5000
13.34,luxury,5000
13.34,retrieve,5000
13.33,18th,5000
13.33,presumably,5000
13.31,commence,5000
13.31,corrupt,5000
13.31,discourage,5000
13.31,invade,5000
13.31,isolation,5000
13.31,millennium,5000
13.3,await,5000
13.3,compensate,5000
13.3,diameter,5000
13.29,alice,5000
13.29,nominate,5000
13.29,palace,5000
13.27,fame,5000
13.27,offset,5000
13.27,telecommunications,5000
13.26,solo,5000
13.25,invisible,5000
13.25,metaphor,5000
13.24,bc,5000
13.24,compact,5000
13.24,dictate,5000
13.24,rifle,5000
13.24,scandal,5000
13.23,elder,5000
13.22,enhancement,5000
13.22,horizon,5000
13.22,incorrect,5000
13.21,urgent,5000
13.2,believer,5000
13.2,confirmation,5000
13.2,warehouse,5000
13.19,firmly,5000
13.19,terry,5000
13.17,spokesman,5000
13.17,validity,5000
13.15,defensive,5000
13.15,hazardous,5000
13.14,mississippi,5000
13.14,termination,5000
13.14,tide,5000
13.13,bean,5000
13.13,ct,5000
13.13,iranian,5000
13.12,concerned,5000
13.12,dell,5000
13.12,patrol,5000
13.11,arabia,5000
13.11,correspond,5000
13.11,favourite,5000
13.11,orbit,5000
13.1,builder,5000
13.1,soccer,5000
13.09,accessory,5000
13.09,disappoint,5000
13.09,precious,5000
13.09,you're,5000
13.08,flesh,5000
13.08,garage,5000
13.08,robinson,5000
13.07,hike,5000
13.07,technician,5000
13.07,thumb,5000
13.07,wooden,5000
13.06,bullet,5000
13.06,campbell,5000
13.06,retention,5000
13.06,robin,5000
13.06,upward,5000
13.04,magnitude,5000
13.03,ounce,5000
13.03,pig,5000
13.03,rage,5000
13.03,sheep,5000
13.02,landlord,5000
13.02,setup,5000
13.01,devil,5000
13.01,francis,5000
13.01,kentucky,5000
13,imaging,5000
12.99,influential,5000
12.99,spy,5000
12.98,deficiency,5000
12.98,drunk,5000
12.98,tsunami,5000
12.97,cop,5000
12.97,rhythm,5000
12.96,atomic,5000
12.96,suspension,5000
12.95,canyon,5000
12.95,slavery,5000
12.94,broadband,5000
12.93,cbs,5000
12.93,likelihood,5000
12.93,stir,5000
12.92,overhead,5000
12.91,disciple,5000
12.91,lyric,5000
12.91,polish,5000
12.91,worm,5000
12.9,banner,5000
12.9,brave,5000
12.9,harassment,5000
12.9,locally,5000
12.88,adjacent,5000
12.88,clarity,5000
12.88,pesticide,5000
12.88,pine,5000
12.88,tiger,5000
12.87,allege,5000
12.87,antibiotic,5000
12.87,inability,5000
12.87,oak,5000
12.86,helicopter,5000
12.85,adaptation,5000
12.84,absent,5000
12.84,automobile,5000
12.84,closure,5000
12.84,dam,5000
12.84,offshore,5000
12.82,historically,5000
12.82,racialism,5000
12.81,oversee,5000
12.81,serial,5000
12.8,alongside,5000
12.8,morgan,5000
12.79,frontier,5000
12.79,jerusalem,5000
12.78,benchmark,5000
12.78,illusion,5000
12.78,integral,5000
12.78,wander,5000
12.77,trader,5000
12.76,comparative,5000
12.76,filing,5000
12.75,benefits,5000
12.74,transparency,5000
12.73,applied,5000
12.73,deer,5000
12.73,forty,5000
12.73,oklahoma,5000
12.72,physic,5000
12.72,sword,5000
12.72,tx,5000
12.7,8th,5000
12.7,romance,5000
12.7,rs,5000
12.69,biblical,5000
12.69,complication,5000
12.69,unlimited,5000
12.69,valve,5000
12.67,needle,5000
12.67,thailand,5000
12.65,estimated,5000
12.64,alabama,5000
12.64,cheese,5000
12.64,miami,5000
12.64,organized,5000
12.64,planner,5000
12.64,reserved,5000
12.64,talented,5000
12.63,mapping,5000
12.63,practically,5000
12.63,tutor,5000
12.63,well-being,5000
12.62,advancement,5000
12.61,utah,5000
12.6,endure,5000
12.6,metropolitan,5000
12.59,carter,5000
12.59,fare,5000
12.58,backed,5000
12.58,clon,5000
12.58,grippe,5000
12.58,machinery,5000
12.58,printed,5000
12.58,spill,5000
12.57,excitement,5000
12.57,offend,5000
12.57,receiver,5000
12.57,verbal,5000
12.56,clay,5000
12.55,articulate,5000
12.55,excel,5000
12.55,neighbour,5000
12.55,relevance,5000
12.55,supportive,5000
12.55,tumor,5000
12.54,individually,5000
12.54,wipe,5000
12.53,boring,5000
12.53,robust,5000
12.53,taxation,5000
12.53,workout,5000
12.52,bat,5000
12.52,mid,5000
12.52,spark,5000
12.52,tender,5000
12.51,cousin,5000
12.51,dignity,5000
12.51,inevitably,5000
12.5,deadly,5000
12.5,gasoline,5000
12.5,gmt,5000
12.49,6th,5000
12.49,generator,5000
12.49,keith,5000
12.49,precede,5000
12.49,tropical,5000
12.48,beginner,5000
12.48,du,5000
12.48,ebay,5000
12.48,ignorance,5000
12.47,assertion,5000
12.47,fade,5000
12.45,arrow,5000
12.45,associates,5000
12.45,beg,5000
12.45,maine,5000
12.45,nhs,5000
12.44,greenhouse,5000
12.44,leather,5000
12.44,medal,5000
12.44,ngo,5000
12.44,viable,5000
12.43,geneva,5000
12.43,prosperity,5000
12.42,adequately,5000
12.42,programs,5000
12.41,demo,5000
12.41,fake,5000
12.41,rotate,5000
12.4,sooner,5000
12.39,copper,5000
12.39,eternal,5000
12.39,trailer,5000
12.38,artefact,5000
12.38,celebrity,5000
12.38,directors,5000
12.37,10th,5000
12.37,desperate,5000
12.37,gore,5000
12.37,harmony,5000
12.36,jacket,5000
12.36,mexican,5000
12.35,trauma,5000
12.34,beta,5000
12.34,can't,5000
12.34,empirical,5000
12.34,forgive,5000
12.34,lesbian,5000
12.34,questionnaire,5000
12.33,cord,5000
12.33,shipment,5000
12.32,keen,5000
12.31,beverage,5000
12.31,hostile,5000
12.29,dual,5000
12.29,int,5000
12.29,opt,5000
12.29,reminder,5000
12.28,bake,5000
12.28,chancellor,5000
12.28,explosive,5000
12.28,parental,5000
12.28,roberts,5000
12.27,citizenship,5000
12.27,crush,5000
12.27,gallon,5000
12.27,mitchell,5000
12.27,tariff,5000
12.27,well-known,5000
12.26,feminist,5000
12.26,imperial,5000
12.25,brochure,5000
12.25,genius,5000
12.25,viewpoint,5000
12.24,developmental,5000
12.23,non-profit,5000
12.22,expire,5000
12.22,flu,5000
12.22,pant,5000
12.21,edwards,5000
12.21,mankind,5000
12.2,indirect,5000
12.2,patriot,5000
12.2,profitable,5000
12.18,complicate,5000
12.18,fancy,5000
12.18,gates,5000
12.18,optimal,5000
12.18,patience,5000
12.18,symposium,5000
12.18,z,5000
12.16,dilemma,5000
12.16,secondly,5000
12.15,hr,5000
12.14,handful,5000
12.14,stain,5000
12.13,severely,5000
12.12,bound,5000
12.12,dublin,5000
12.12,outreach,5000
12.11,anchor,5000
12.11,complement,5000
12.11,listener,5000
12.11,manhattan,5000
12.11,suppress,5000
12.11,tennis,5000
12.1,er,5000
12.1,honestly,5000
12.1,les,5000
12.09,addiction,5000
12.09,civic,5000
12.09,pulse,5000
12.08,lesser,5000
12.08,lightning,5000
12.07,carl,5000
12.07,leverage,5000
12.07,mall,5000
12.07,optimize,5000
12.06,hybrid,5000
12.06,men,5000
12.05,custody,5000
12.05,digest,5000
12.05,ecology,5000
12.05,fighting,5000
12.04,explode,5000
12.04,hungry,5000
12.04,marijuana,5000
12.04,rubber,5000
12.04,stimulus,5000
12.03,blade,5000
12.02,follower,5000
12.02,mi,5000
12.01,obscure,5000
12.01,t-shirt,5000
12,architectural,5000
12,brick,5000
12,laura,5000
12,sail,5000
12,subsection,5000
12,wallace,5000
11.99,doug,5000
11.99,ram,5000
11.98,cassino,5000
11.98,commons,5000
11.98,payroll,5000
11.98,pend,5000
11.97,secular,5000
11.96,buddy,5000
11.96,grief,5000
11.96,infinite,5000
11.95,drift,5000
11.95,embassy,5000
11.95,hitler,5000
11.95,pharmacy,5000
11.94,craig,5000
11.94,lion,5000
11.93,charlie,5000
11.93,compute,5000
11.93,vacuum,5000
11.92,configure,5000
11.92,quietly,5000
11.91,moscow,5000
11.91,parade,5000
11.9,aeroplane,5000
11.9,artwork,5000
11.9,billing,5000
11.9,doesn't,5000
11.9,sentiment,5000
11.88,beside,5000
11.88,cafe,5000
11.88,cnn,5000
11.87,transparent,5000
11.86,precision,5000
11.86,preview,5000
11.85,raid,5000
11.84,deliberately,5000
11.84,tolerate,5000
11.83,informative,5000
11.83,liberation,5000
11.83,warrior,5000
11.82,appropriately,5000
11.82,efficiently,5000
11.82,occurrence,5000
11.8,herald,5000
11.8,palestinians,5000
11.8,southeast,5000
11.79,consistency,5000
11.79,gateway,5000
11.79,ink,5000
11.79,performer,5000
11.78,cos,5000
11.78,gauge,5000
11.78,harsh,5000
11.77,postal,5000
11.76,beijing,5000
11.76,bench,5000
11.74,acknowledgment,5000
11.74,applications,5000
11.74,issues,5000
11.73,globalization,5000
11.73,rip,5000
11.71,arms,5000
11.69,economically,5000
11.69,fatigue,5000
11.69,quiz,5000
11.69,subsidiary,5000
11.68,annex,5000
11.68,endless,5000
11.68,parish,5000
11.68,salvation,5000
11.67,awful,5000
11.67,compel,5000
11.67,multiply,5000
11.67,squeeze,5000
11.66,albert,5000
11.66,beneficiary,5000
11.66,kb,5000
11.66,punch,5000
11.66,supervise,5000
11.65,hunger,5000
11.65,mini,5000
11.64,alumnus,5000
11.64,supposedly,5000
11.63,abu,5000
11.63,mo,5000
11.63,verification,5000
11.62,billy,5000
11.62,devise,5000
11.62,murray,5000
11.62,ranch,5000
11.61,eager,5000
11.61,prohibition,5000
11.61,slice,5000
11.59,doe,5000
11.59,louisiana,5000
11.58,glasgow,5000
11.58,graduation,5000
11.56,pond,5000
11.56,racing,5000
11.56,sharon,5000
